Workbook

Sheet Plan del Día
A1: PLAN DEL DÍA | B1: Fecha / Date: | F1: Total personas / people: | G1: =B13+D13+F13+H13+J13+L13+N13+P13 -> 0 | I1: Nombres repetidos / Repeated: | J1: =SUMPRODUCT(($AN$6:$AU$64<>"")*(COUNTIF($AN$6:$AU$64,$AN$6:$AU$64)>1)) -> 0
A2: Escribe solo en las celdas crema. Un bloque (2 columnas) por proyecto. Cada persona en su fila con su responsabilidad al lado; responsabilidad en blanco = la misma de arriba.
A3: Proyecto / Project
A4: Sitio / Site
A5: Horario: inicio | fin
A6: Líder / Lead | AN6: =IF(B6="","",TRIM(IFERROR(LEFT(B6,FIND("(",B6)-1),B6))) | AO6: =IF(D6="","",TRIM(IFERROR(LEFT(D6,FIND("(",D6)-1),D6))) | AP6: =IF(F6="","",TRIM(IFERROR(LEFT(F6,FIND("(",F6)-1),F6))) | AQ6: =IF(H6="","",TRIM(IFERROR(LEFT(H6,FIND("(",H6)-1),H6))) | AR6: =IF(J6="","",TRIM(IFERROR(LEFT(J6,FIND("(",J6)-1),J6))) | AS6: =IF(L6="","",TRIM(IFERROR(LEFT(L6,FIND("(",L6)-1),L6))) | AT6: =IF(N6="","",TRIM(IFERROR(LEFT(N6,FIND("(",N6)-1),N6))) | AU6: =IF(P6="","",TRIM(IFERROR(LEFT(P6,FIND("(",P6)-1),P6)))
A7: Contratista 1: nombre | cuántos
A8: Contratista 1: inicio | fin
A9: Contratista 2: nombre | cuántos
A10: Contratista 2: inicio | fin
A11: Notas / Notes
A12: Nombrados (incl. líder) | B12: =(B6<>"")+COUNTA(C15:C64) -> 0 | D12: =(D6<>"")+COUNTA(E15:E64) -> 0 | F12: =(F6<>"")+COUNTA(G15:G64) -> 0 | H12: =(H6<>"")+COUNTA(I15:I64) -> 0 | J12: =(J6<>"")+COUNTA(K15:K64) -> 0 | L12: =(L6<>"")+COUNTA(M15:M64) -> 0 | N12: =(N6<>"")+COUNTA(O15:O64) -> 0 | P12: =(P6<>"")+COUNTA(Q15:Q64) -> 0
A13: TOTAL (con contratistas) | B13: =B12+N(C7)+N(C9) -> 0 | D13: =D12+N(E7)+N(E9) -> 0 | F13: =F12+N(G7)+N(G9) -> 0 | H13: =H12+N(I7)+N(I9) -> 0 | J13: =J12+N(K7)+N(K9) -> 0 | L13: =L12+N(M7)+N(M9) -> 0 | N13: =N12+N(O7)+N(O9) -> 0 | P13: =P12+N(Q7)+N(Q9) -> 0
A14: Responsabilidad | Nombre ↓ | B14: Responsabilidad | C14: Nombre | D14: Responsabilidad | E14: Nombre | F14: Responsabilidad | G14: Nombre | H14: Responsabilidad | I14: Nombre | J14: Responsabilidad | K14: Nombre | L14: Responsabilidad | M14: Nombre | N14: Responsabilidad | O14: Nombre | P14: Responsabilidad | Q14: Nombre
A15: 1 | T15: =IF(B15<>"",TRIM(IFERROR(LEFT(B15,FIND("(",B15)-1),B15)),"") | U15: =IF(D15<>"",TRIM(IFERROR(LEFT(D15,FIND("(",D15)-1),D15)),"") | V15: =IF(F15<>"",TRIM(IFERROR(LEFT(F15,FIND("(",F15)-1),F15)),"") | W15: =IF(H15<>"",TRIM(IFERROR(LEFT(H15,FIND("(",H15)-1),H15)),"") | X15: =IF(J15<>"",TRIM(IFERROR(LEFT(J15,FIND("(",J15)-1),J15)),"") | Y15: =IF(L15<>"",TRIM(IFERROR(LEFT(L15,FIND("(",L15)-1),L15)),"") | Z15: =IF(N15<>"",TRIM(IFERROR(LEFT(N15,FIND("(",N15)-1),N15)),"") | AA15: =IF(P15<>"",TRIM(IFERROR(LEFT(P15,FIND("(",P15)-1),P15)),"") | AD15: =IF(C15="","",IF(T15="","(sin responsabilidad)",T15)) | AE15: =IF(E15="","",IF(U15="","(sin responsabilidad)",U15)) | AF15: =IF(G15="","",IF(V15="","(sin responsabilidad)",V15)) | AG15: =IF(I15="","",IF(W15="","(sin responsabilidad)",W15)) | AH15: =IF(K15="","",IF(X15="","(sin responsabilidad)",X15)) | AI15: =IF(M15="","",IF(Y15="","(sin responsabilidad)",Y15)) | AJ15: =IF(O15="","",IF(Z15="","(sin responsabilidad)",Z15)) | AK15: =IF(Q15="","",IF(AA15="","(sin responsabilidad)",AA15)) | AN15: =IF(C15="","",TRIM(IFERROR(LEFT(C15,FIND("(",C15)-1),C15))) | AO15: =IF(E15="","",TRIM(IFERROR(LEFT(E15,FIND("(",E15)-1),E15))) | AP15: =IF(G15="","",TRIM(IFERROR(LEFT(G15,FIND("(",G15)-1),G15))) | AQ15: =IF(I15="","",TRIM(IFERROR(LEFT(I15,FIND("(",I15)-1),I15))) | AR15: =IF(K15="","",TRIM(IFERROR(LEFT(K15,FIND("(",K15)-1),K15))) | AS15: =IF(M15="","",TRIM(IFERROR(LEFT(M15,FIND("(",M15)-1),M15))) | AT15: =IF(O15="","",TRIM(IFERROR(LEFT(O15,FIND("(",O15)-1),O15))) | AU15: =IF(Q15="","",TRIM(IFERROR(LEFT(Q15,FIND("(",Q15)-1),Q15)))
A16: 2 | T16: =IF(B16<>"",TRIM(IFERROR(LEFT(B16,FIND("(",B16)-1),B16)),T15) | U16: =IF(D16<>"",TRIM(IFERROR(LEFT(D16,FIND("(",D16)-1),D16)),U15) | V16: =IF(F16<>"",TRIM(IFERROR(LEFT(F16,FIND("(",F16)-1),F16)),V15) | W16: =IF(H16<>"",TRIM(IFERROR(LEFT(H16,FIND("(",H16)-1),H16)),W15) | X16: =IF(J16<>"",TRIM(IFERROR(LEFT(J16,FIND("(",J16)-1),J16)),X15) | Y16: =IF(L16<>"",TRIM(IFERROR(LEFT(L16,FIND("(",L16)-1),L16)),Y15) | Z16: =IF(N16<>"",TRIM(IFERROR(LEFT(N16,FIND("(",N16)-1),N16)),Z15) | AA16: =IF(P16<>"",TRIM(IFERROR(LEFT(P16,FIND("(",P16)-1),P16)),AA15) | AD16: =IF(C16="","",IF(T16="","(sin responsabilidad)",T16)) | AE16: =IF(E16="","",IF(U16="","(sin responsabilidad)",U16)) | AF16: =IF(G16="","",IF(V16="","(sin responsabilidad)",V16)) | AG16: =IF(I16="","",IF(W16="","(sin responsabilidad)",W16)) | AH16: =IF(K16="","",IF(X16="","(sin responsabilidad)",X16)) | AI16: =IF(M16="","",IF(Y16="","(sin responsabilidad)",Y16)) | AJ16: =IF(O16="","",IF(Z16="","(sin responsabilidad)",Z16)) | AK16: =IF(Q16="","",IF(AA16="","(sin responsabilidad)",AA16)) | AN16: =IF(C16="","",TRIM(IFERROR(LEFT(C16,FIND("(",C16)-1),C16))) | AO16: =IF(E16="","",TRIM(IFERROR(LEFT(E16,FIND("(",E16)-1),E16))) | AP16: =IF(G16="","",TRIM(IFERROR(LEFT(G16,FIND("(",G16)-1),G16))) | AQ16: =IF(I16="","",TRIM(IFERROR(LEFT(I16,FIND("(",I16)-1),I16))) | AR16: =IF(K16="","",TRIM(IFERROR(LEFT(K16,FIND("(",K16)-1),K16))) | AS16: =IF(M16="","",TRIM(IFERROR(LEFT(M16,FIND("(",M16)-1),M16))) | AT16: =IF(O16="","",TRIM(IFERROR(LEFT(O16,FIND("(",O16)-1),O16))) | AU16: =IF(Q16="","",TRIM(IFERROR(LEFT(Q16,FIND("(",Q16)-1),Q16)))
A17: 3 | T17: =IF(B17<>"",TRIM(IFERROR(LEFT(B17,FIND("(",B17)-1),B17)),T16) | U17: =IF(D17<>"",TRIM(IFERROR(LEFT(D17,FIND("(",D17)-1),D17)),U16) | V17: =IF(F17<>"",TRIM(IFERROR(LEFT(F17,FIND("(",F17)-1),F17)),V16) | W17: =IF(H17<>"",TRIM(IFERROR(LEFT(H17,FIND("(",H17)-1),H17)),W16) | X17: =IF(J17<>"",TRIM(IFERROR(LEFT(J17,FIND("(",J17)-1),J17)),X16) | Y17: =IF(L17<>"",TRIM(IFERROR(LEFT(L17,FIND("(",L17)-1),L17)),Y16) | Z17: =IF(N17<>"",TRIM(IFERROR(LEFT(N17,FIND("(",N17)-1),N17)),Z16) | AA17: =IF(P17<>"",TRIM(IFERROR(LEFT(P17,FIND("(",P17)-1),P17)),AA16) | AD17: =IF(C17="","",IF(T17="","(sin responsabilidad)",T17)) | AE17: =IF(E17="","",IF(U17="","(sin responsabilidad)",U17)) | AF17: =IF(G17="","",IF(V17="","(sin responsabilidad)",V17)) | AG17: =IF(I17="","",IF(W17="","(sin responsabilidad)",W17)) | AH17: =IF(K17="","",IF(X17="","(sin responsabilidad)",X17)) | AI17: =IF(M17="","",IF(Y17="","(sin responsabilidad)",Y17)) | AJ17: =IF(O17="","",IF(Z17="","(sin responsabilidad)",Z17)) | AK17: =IF(Q17="","",IF(AA17="","(sin responsabilidad)",AA17)) | AN17: =IF(C17="","",TRIM(IFERROR(LEFT(C17,FIND("(",C17)-1),C17))) | AO17: =IF(E17="","",TRIM(IFERROR(LEFT(E17,FIND("(",E17)-1),E17))) | AP17: =IF(G17="","",TRIM(IFERROR(LEFT(G17,FIND("(",G17)-1),G17))) | AQ17: =IF(I17="","",TRIM(IFERROR(LEFT(I17,FIND("(",I17)-1),I17))) | AR17: =IF(K17="","",TRIM(IFERROR(LEFT(K17,FIND("(",K17)-1),K17))) | AS17: =IF(M17="","",TRIM(IFERROR(LEFT(M17,FIND("(",M17)-1),M17))) | AT17: =IF(O17="","",TRIM(IFERROR(LEFT(O17,FIND("(",O17)-1),O17))) | AU17: =IF(Q17="","",TRIM(IFERROR(LEFT(Q17,FIND("(",Q17)-1),Q17)))
A18: 4 | T18: =IF(B18<>"",TRIM(IFERROR(LEFT(B18,FIND("(",B18)-1),B18)),T17) | U18: =IF(D18<>"",TRIM(IFERROR(LEFT(D18,FIND("(",D18)-1),D18)),U17) | V18: =IF(F18<>"",TRIM(IFERROR(LEFT(F18,FIND("(",F18)-1),F18)),V17) | W18: =IF(H18<>"",TRIM(IFERROR(LEFT(H18,FIND("(",H18)-1),H18)),W17) | X18: =IF(J18<>"",TRIM(IFERROR(LEFT(J18,FIND("(",J18)-1),J18)),X17) | Y18: =IF(L18<>"",TRIM(IFERROR(LEFT(L18,FIND("(",L18)-1),L18)),Y17) | Z18: =IF(N18<>"",TRIM(IFERROR(LEFT(N18,FIND("(",N18)-1),N18)),Z17) | AA18: =IF(P18<>"",TRIM(IFERROR(LEFT(P18,FIND("(",P18)-1),P18)),AA17) | AD18: =IF(C18="","",IF(T18="","(sin responsabilidad)",T18)) | AE18: =IF(E18="","",IF(U18="","(sin responsabilidad)",U18)) | AF18: =IF(G18="","",IF(V18="","(sin responsabilidad)",V18)) | AG18: =IF(I18="","",IF(W18="","(sin responsabilidad)",W18)) | AH18: =IF(K18="","",IF(X18="","(sin responsabilidad)",X18)) | AI18: =IF(M18="","",IF(Y18="","(sin responsabilidad)",Y18)) | AJ18: =IF(O18="","",IF(Z18="","(sin responsabilidad)",Z18)) | AK18: =IF(Q18="","",IF(AA18="","(sin responsabilidad)",AA18)) | AN18: =IF(C18="","",TRIM(IFERROR(LEFT(C18,FIND("(",C18)-1),C18))) | AO18: =IF(E18="","",TRIM(IFERROR(LEFT(E18,FIND("(",E18)-1),E18))) | AP18: =IF(G18="","",TRIM(IFERROR(LEFT(G18,FIND("(",G18)-1),G18))) | AQ18: =IF(I18="","",TRIM(IFERROR(LEFT(I18,FIND("(",I18)-1),I18))) | AR18: =IF(K18="","",TRIM(IFERROR(LEFT(K18,FIND("(",K18)-1),K18))) | AS18: =IF(M18="","",TRIM(IFERROR(LEFT(M18,FIND("(",M18)-1),M18))) | AT18: =IF(O18="","",TRIM(IFERROR(LEFT(O18,FIND("(",O18)-1),O18))) | AU18: =IF(Q18="","",TRIM(IFERROR(LEFT(Q18,FIND("(",Q18)-1),Q18)))
A19: 5 | T19: =IF(B19<>"",TRIM(IFERROR(LEFT(B19,FIND("(",B19)-1),B19)),T18) | U19: =IF(D19<>"",TRIM(IFERROR(LEFT(D19,FIND("(",D19)-1),D19)),U18) | V19: =IF(F19<>"",TRIM(IFERROR(LEFT(F19,FIND("(",F19)-1),F19)),V18) | W19: =IF(H19<>"",TRIM(IFERROR(LEFT(H19,FIND("(",H19)-1),H19)),W18) | X19: =IF(J19<>"",TRIM(IFERROR(LEFT(J19,FIND("(",J19)-1),J19)),X18) | Y19: =IF(L19<>"",TRIM(IFERROR(LEFT(L19,FIND("(",L19)-1),L19)),Y18) | Z19: =IF(N19<>"",TRIM(IFERROR(LEFT(N19,FIND("(",N19)-1),N19)),Z18) | AA19: =IF(P19<>"",TRIM(IFERROR(LEFT(P19,FIND("(",P19)-1),P19)),AA18) | AD19: =IF(C19="","",IF(T19="","(sin responsabilidad)",T19)) | AE19: =IF(E19="","",IF(U19="","(sin responsabilidad)",U19)) | AF19: =IF(G19="","",IF(V19="","(sin responsabilidad)",V19)) | AG19: =IF(I19="","",IF(W19="","(sin responsabilidad)",W19)) | AH19: =IF(K19="","",IF(X19="","(sin responsabilidad)",X19)) | AI19: =IF(M19="","",IF(Y19="","(sin responsabilidad)",Y19)) | AJ19: =IF(O19="","",IF(Z19="","(sin responsabilidad)",Z19)) | AK19: =IF(Q19="","",IF(AA19="","(sin responsabilidad)",AA19)) | AN19: =IF(C19="","",TRIM(IFERROR(LEFT(C19,FIND("(",C19)-1),C19))) | AO19: =IF(E19="","",TRIM(IFERROR(LEFT(E19,FIND("(",E19)-1),E19))) | AP19: =IF(G19="","",TRIM(IFERROR(LEFT(G19,FIND("(",G19)-1),G19))) | AQ19: =IF(I19="","",TRIM(IFERROR(LEFT(I19,FIND("(",I19)-1),I19))) | AR19: =IF(K19="","",TRIM(IFERROR(LEFT(K19,FIND("(",K19)-1),K19))) | AS19: =IF(M19="","",TRIM(IFERROR(LEFT(M19,FIND("(",M19)-1),M19))) | AT19: =IF(O19="","",TRIM(IFERROR(LEFT(O19,FIND("(",O19)-1),O19))) | AU19: =IF(Q19="","",TRIM(IFERROR(LEFT(Q19,FIND("(",Q19)-1),Q19)))
A20: 6 | T20: =IF(B20<>"",TRIM(IFERROR(LEFT(B20,FIND("(",B20)-1),B20)),T19) | U20: =IF(D20<>"",TRIM(IFERROR(LEFT(D20,FIND("(",D20)-1),D20)),U19) | V20: =IF(F20<>"",TRIM(IFERROR(LEFT(F20,FIND("(",F20)-1),F20)),V19) | W20: =IF(H20<>"",TRIM(IFERROR(LEFT(H20,FIND("(",H20)-1),H20)),W19) | X20: =IF(J20<>"",TRIM(IFERROR(LEFT(J20,FIND("(",J20)-1),J20)),X19) | Y20: =IF(L20<>"",TRIM(IFERROR(LEFT(L20,FIND("(",L20)-1),L20)),Y19) | Z20: =IF(N20<>"",TRIM(IFERROR(LEFT(N20,FIND("(",N20)-1),N20)),Z19) | AA20: =IF(P20<>"",TRIM(IFERROR(LEFT(P20,FIND("(",P20)-1),P20)),AA19) | AD20: =IF(C20="","",IF(T20="","(sin responsabilidad)",T20)) | AE20: =IF(E20="","",IF(U20="","(sin responsabilidad)",U20)) | AF20: =IF(G20="","",IF(V20="","(sin responsabilidad)",V20)) | AG20: =IF(I20="","",IF(W20="","(sin responsabilidad)",W20)) | AH20: =IF(K20="","",IF(X20="","(sin responsabilidad)",X20)) | AI20: =IF(M20="","",IF(Y20="","(sin responsabilidad)",Y20)) | AJ20: =IF(O20="","",IF(Z20="","(sin responsabilidad)",Z20)) | AK20: =IF(Q20="","",IF(AA20="","(sin responsabilidad)",AA20)) | AN20: =IF(C20="","",TRIM(IFERROR(LEFT(C20,FIND("(",C20)-1),C20))) | AO20: =IF(E20="","",TRIM(IFERROR(LEFT(E20,FIND("(",E20)-1),E20))) | AP20: =IF(G20="","",TRIM(IFERROR(LEFT(G20,FIND("(",G20)-1),G20))) | AQ20: =IF(I20="","",TRIM(IFERROR(LEFT(I20,FIND("(",I20)-1),I20))) | AR20: =IF(K20="","",TRIM(IFERROR(LEFT(K20,FIND("(",K20)-1),K20))) | AS20: =IF(M20="","",TRIM(IFERROR(LEFT(M20,FIND("(",M20)-1),M20))) | AT20: =IF(O20="","",TRIM(IFERROR(LEFT(O20,FIND("(",O20)-1),O20))) | AU20: =IF(Q20="","",TRIM(IFERROR(LEFT(Q20,FIND("(",Q20)-1),Q20)))
A21: 7 | T21: =IF(B21<>"",TRIM(IFERROR(LEFT(B21,FIND("(",B21)-1),B21)),T20) | U21: =IF(D21<>"",TRIM(IFERROR(LEFT(D21,FIND("(",D21)-1),D21)),U20) | V21: =IF(F21<>"",TRIM(IFERROR(LEFT(F21,FIND("(",F21)-1),F21)),V20) | W21: =IF(H21<>"",TRIM(IFERROR(LEFT(H21,FIND("(",H21)-1),H21)),W20) | X21: =IF(J21<>"",TRIM(IFERROR(LEFT(J21,FIND("(",J21)-1),J21)),X20) | Y21: =IF(L21<>"",TRIM(IFERROR(LEFT(L21,FIND("(",L21)-1),L21)),Y20) | Z21: =IF(N21<>"",TRIM(IFERROR(LEFT(N21,FIND("(",N21)-1),N21)),Z20) | AA21: =IF(P21<>"",TRIM(IFERROR(LEFT(P21,FIND("(",P21)-1),P21)),AA20) | AD21: =IF(C21="","",IF(T21="","(sin responsabilidad)",T21)) | AE21: =IF(E21="","",IF(U21="","(sin responsabilidad)",U21)) | AF21: =IF(G21="","",IF(V21="","(sin responsabilidad)",V21)) | AG21: =IF(I21="","",IF(W21="","(sin responsabilidad)",W21)) | AH21: =IF(K21="","",IF(X21="","(sin responsabilidad)",X21)) | AI21: =IF(M21="","",IF(Y21="","(sin responsabilidad)",Y21)) | AJ21: =IF(O21="","",IF(Z21="","(sin responsabilidad)",Z21)) | AK21: =IF(Q21="","",IF(AA21="","(sin responsabilidad)",AA21)) | AN21: =IF(C21="","",TRIM(IFERROR(LEFT(C21,FIND("(",C21)-1),C21))) | AO21: =IF(E21="","",TRIM(IFERROR(LEFT(E21,FIND("(",E21)-1),E21))) | AP21: =IF(G21="","",TRIM(IFERROR(LEFT(G21,FIND("(",G21)-1),G21))) | AQ21: =IF(I21="","",TRIM(IFERROR(LEFT(I21,FIND("(",I21)-1),I21))) | AR21: =IF(K21="","",TRIM(IFERROR(LEFT(K21,FIND("(",K21)-1),K21))) | AS21: =IF(M21="","",TRIM(IFERROR(LEFT(M21,FIND("(",M21)-1),M21))) | AT21: =IF(O21="","",TRIM(IFERROR(LEFT(O21,FIND("(",O21)-1),O21))) | AU21: =IF(Q21="","",TRIM(IFERROR(LEFT(Q21,FIND("(",Q21)-1),Q21)))
A22: 8 | T22: =IF(B22<>"",TRIM(IFERROR(LEFT(B22,FIND("(",B22)-1),B22)),T21) | U22: =IF(D22<>"",TRIM(IFERROR(LEFT(D22,FIND("(",D22)-1),D22)),U21) | V22: =IF(F22<>"",TRIM(IFERROR(LEFT(F22,FIND("(",F22)-1),F22)),V21) | W22: =IF(H22<>"",TRIM(IFERROR(LEFT(H22,FIND("(",H22)-1),H22)),W21) | X22: =IF(J22<>"",TRIM(IFERROR(LEFT(J22,FIND("(",J22)-1),J22)),X21) | Y22: =IF(L22<>"",TRIM(IFERROR(LEFT(L22,FIND("(",L22)-1),L22)),Y21) | Z22: =IF(N22<>"",TRIM(IFERROR(LEFT(N22,FIND("(",N22)-1),N22)),Z21) | AA22: =IF(P22<>"",TRIM(IFERROR(LEFT(P22,FIND("(",P22)-1),P22)),AA21) | AD22: =IF(C22="","",IF(T22="","(sin responsabilidad)",T22)) | AE22: =IF(E22="","",IF(U22="","(sin responsabilidad)",U22)) | AF22: =IF(G22="","",IF(V22="","(sin responsabilidad)",V22)) | AG22: =IF(I22="","",IF(W22="","(sin responsabilidad)",W22)) | AH22: =IF(K22="","",IF(X22="","(sin responsabilidad)",X22)) | AI22: =IF(M22="","",IF(Y22="","(sin responsabilidad)",Y22)) | AJ22: =IF(O22="","",IF(Z22="","(sin responsabilidad)",Z22)) | AK22: =IF(Q22="","",IF(AA22="","(sin responsabilidad)",AA22)) | AN22: =IF(C22="","",TRIM(IFERROR(LEFT(C22,FIND("(",C22)-1),C22))) | AO22: =IF(E22="","",TRIM(IFERROR(LEFT(E22,FIND("(",E22)-1),E22))) | AP22: =IF(G22="","",TRIM(IFERROR(LEFT(G22,FIND("(",G22)-1),G22))) | AQ22: =IF(I22="","",TRIM(IFERROR(LEFT(I22,FIND("(",I22)-1),I22))) | AR22: =IF(K22="","",TRIM(IFERROR(LEFT(K22,FIND("(",K22)-1),K22))) | AS22: =IF(M22="","",TRIM(IFERROR(LEFT(M22,FIND("(",M22)-1),M22))) | AT22: =IF(O22="","",TRIM(IFERROR(LEFT(O22,FIND("(",O22)-1),O22))) | AU22: =IF(Q22="","",TRIM(IFERROR(LEFT(Q22,FIND("(",Q22)-1),Q22)))
A23: 9 | T23: =IF(B23<>"",TRIM(IFERROR(LEFT(B23,FIND("(",B23)-1),B23)),T22) | U23: =IF(D23<>"",TRIM(IFERROR(LEFT(D23,FIND("(",D23)-1),D23)),U22) | V23: =IF(F23<>"",TRIM(IFERROR(LEFT(F23,FIND("(",F23)-1),F23)),V22) | W23: =IF(H23<>"",TRIM(IFERROR(LEFT(H23,FIND("(",H23)-1),H23)),W22) | X23: =IF(J23<>"",TRIM(IFERROR(LEFT(J23,FIND("(",J23)-1),J23)),X22) | Y23: =IF(L23<>"",TRIM(IFERROR(LEFT(L23,FIND("(",L23)-1),L23)),Y22) | Z23: =IF(N23<>"",TRIM(IFERROR(LEFT(N23,FIND("(",N23)-1),N23)),Z22) | AA23: =IF(P23<>"",TRIM(IFERROR(LEFT(P23,FIND("(",P23)-1),P23)),AA22) | AD23: =IF(C23="","",IF(T23="","(sin responsabilidad)",T23)) | AE23: =IF(E23="","",IF(U23="","(sin responsabilidad)",U23)) | AF23: =IF(G23="","",IF(V23="","(sin responsabilidad)",V23)) | AG23: =IF(I23="","",IF(W23="","(sin responsabilidad)",W23)) | AH23: =IF(K23="","",IF(X23="","(sin responsabilidad)",X23)) | AI23: =IF(M23="","",IF(Y23="","(sin responsabilidad)",Y23)) | AJ23: =IF(O23="","",IF(Z23="","(sin responsabilidad)",Z23)) | AK23: =IF(Q23="","",IF(AA23="","(sin responsabilidad)",AA23)) | AN23: =IF(C23="","",TRIM(IFERROR(LEFT(C23,FIND("(",C23)-1),C23))) | AO23: =IF(E23="","",TRIM(IFERROR(LEFT(E23,FIND("(",E23)-1),E23))) | AP23: =IF(G23="","",TRIM(IFERROR(LEFT(G23,FIND("(",G23)-1),G23))) | AQ23: =IF(I23="","",TRIM(IFERROR(LEFT(I23,FIND("(",I23)-1),I23))) | AR23: =IF(K23="","",TRIM(IFERROR(LEFT(K23,FIND("(",K23)-1),K23))) | AS23: =IF(M23="","",TRIM(IFERROR(LEFT(M23,FIND("(",M23)-1),M23))) | AT23: =IF(O23="","",TRIM(IFERROR(LEFT(O23,FIND("(",O23)-1),O23))) | AU23: =IF(Q23="","",TRIM(IFERROR(LEFT(Q23,FIND("(",Q23)-1),Q23)))
A24: 10 | T24: =IF(B24<>"",TRIM(IFERROR(LEFT(B24,FIND("(",B24)-1),B24)),T23) | U24: =IF(D24<>"",TRIM(IFERROR(LEFT(D24,FIND("(",D24)-1),D24)),U23) | V24: =IF(F24<>"",TRIM(IFERROR(LEFT(F24,FIND("(",F24)-1),F24)),V23) | W24: =IF(H24<>"",TRIM(IFERROR(LEFT(H24,FIND("(",H24)-1),H24)),W23) | X24: =IF(J24<>"",TRIM(IFERROR(LEFT(J24,FIND("(",J24)-1),J24)),X23) | Y24: =IF(L24<>"",TRIM(IFERROR(LEFT(L24,FIND("(",L24)-1),L24)),Y23) | Z24: =IF(N24<>"",TRIM(IFERROR(LEFT(N24,FIND("(",N24)-1),N24)),Z23) | AA24: =IF(P24<>"",TRIM(IFERROR(LEFT(P24,FIND("(",P24)-1),P24)),AA23) | AD24: =IF(C24="","",IF(T24="","(sin responsabilidad)",T24)) | AE24: =IF(E24="","",IF(U24="","(sin responsabilidad)",U24)) | AF24: =IF(G24="","",IF(V24="","(sin responsabilidad)",V24)) | AG24: =IF(I24="","",IF(W24="","(sin responsabilidad)",W24)) | AH24: =IF(K24="","",IF(X24="","(sin responsabilidad)",X24)) | AI24: =IF(M24="","",IF(Y24="","(sin responsabilidad)",Y24)) | AJ24: =IF(O24="","",IF(Z24="","(sin responsabilidad)",Z24)) | AK24: =IF(Q24="","",IF(AA24="","(sin responsabilidad)",AA24)) | AN24: =IF(C24="","",TRIM(IFERROR(LEFT(C24,FIND("(",C24)-1),C24))) | AO24: =IF(E24="","",TRIM(IFERROR(LEFT(E24,FIND("(",E24)-1),E24))) | AP24: =IF(G24="","",TRIM(IFERROR(LEFT(G24,FIND("(",G24)-1),G24))) | AQ24: =IF(I24="","",TRIM(IFERROR(LEFT(I24,FIND("(",I24)-1),I24))) | AR24: =IF(K24="","",TRIM(IFERROR(LEFT(K24,FIND("(",K24)-1),K24))) | AS24: =IF(M24="","",TRIM(IFERROR(LEFT(M24,FIND("(",M24)-1),M24))) | AT24: =IF(O24="","",TRIM(IFERROR(LEFT(O24,FIND("(",O24)-1),O24))) | AU24: =IF(Q24="","",TRIM(IFERROR(LEFT(Q24,FIND("(",Q24)-1),Q24)))
A25: 11 | T25: =IF(B25<>"",TRIM(IFERROR(LEFT(B25,FIND("(",B25)-1),B25)),T24) | U25: =IF(D25<>"",TRIM(IFERROR(LEFT(D25,FIND("(",D25)-1),D25)),U24) | V25: =IF(F25<>"",TRIM(IFERROR(LEFT(F25,FIND("(",F25)-1),F25)),V24) | W25: =IF(H25<>"",TRIM(IFERROR(LEFT(H25,FIND("(",H25)-1),H25)),W24) | X25: =IF(J25<>"",TRIM(IFERROR(LEFT(J25,FIND("(",J25)-1),J25)),X24) | Y25: =IF(L25<>"",TRIM(IFERROR(LEFT(L25,FIND("(",L25)-1),L25)),Y24) | Z25: =IF(N25<>"",TRIM(IFERROR(LEFT(N25,FIND("(",N25)-1),N25)),Z24) | AA25: =IF(P25<>"",TRIM(IFERROR(LEFT(P25,FIND("(",P25)-1),P25)),AA24) | AD25: =IF(C25="","",IF(T25="","(sin responsabilidad)",T25)) | AE25: =IF(E25="","",IF(U25="","(sin responsabilidad)",U25)) | AF25: =IF(G25="","",IF(V25="","(sin responsabilidad)",V25)) | AG25: =IF(I25="","",IF(W25="","(sin responsabilidad)",W25)) | AH25: =IF(K25="","",IF(X25="","(sin responsabilidad)",X25)) | AI25: =IF(M25="","",IF(Y25="","(sin responsabilidad)",Y25)) | AJ25: =IF(O25="","",IF(Z25="","(sin responsabilidad)",Z25)) | AK25: =IF(Q25="","",IF(AA25="","(sin responsabilidad)",AA25)) | AN25: =IF(C25="","",TRIM(IFERROR(LEFT(C25,FIND("(",C25)-1),C25))) | AO25: =IF(E25="","",TRIM(IFERROR(LEFT(E25,FIND("(",E25)-1),E25))) | AP25: =IF(G25="","",TRIM(IFERROR(LEFT(G25,FIND("(",G25)-1),G25))) | AQ25: =IF(I25="","",TRIM(IFERROR(LEFT(I25,FIND("(",I25)-1),I25))) | AR25: =IF(K25="","",TRIM(IFERROR(LEFT(K25,FIND("(",K25)-1),K25))) | AS25: =IF(M25="","",TRIM(IFERROR(LEFT(M25,FIND("(",M25)-1),M25))) | AT25: =IF(O25="","",TRIM(IFERROR(LEFT(O25,FIND("(",O25)-1),O25))) | AU25: =IF(Q25="","",TRIM(IFERROR(LEFT(Q25,FIND("(",Q25)-1),Q25)))
A26: 12 | T26: =IF(B26<>"",TRIM(IFERROR(LEFT(B26,FIND("(",B26)-1),B26)),T25) | U26: =IF(D26<>"",TRIM(IFERROR(LEFT(D26,FIND("(",D26)-1),D26)),U25) | V26: =IF(F26<>"",TRIM(IFERROR(LEFT(F26,FIND("(",F26)-1),F26)),V25) | W26: =IF(H26<>"",TRIM(IFERROR(LEFT(H26,FIND("(",H26)-1),H26)),W25) | X26: =IF(J26<>"",TRIM(IFERROR(LEFT(J26,FIND("(",J26)-1),J26)),X25) | Y26: =IF(L26<>"",TRIM(IFERROR(LEFT(L26,FIND("(",L26)-1),L26)),Y25) | Z26: =IF(N26<>"",TRIM(IFERROR(LEFT(N26,FIND("(",N26)-1),N26)),Z25) | AA26: =IF(P26<>"",TRIM(IFERROR(LEFT(P26,FIND("(",P26)-1),P26)),AA25) | AD26: =IF(C26="","",IF(T26="","(sin responsabilidad)",T26)) | AE26: =IF(E26="","",IF(U26="","(sin responsabilidad)",U26)) | AF26: =IF(G26="","",IF(V26="","(sin responsabilidad)",V26)) | AG26: =IF(I26="","",IF(W26="","(sin responsabilidad)",W26)) | AH26: =IF(K26="","",IF(X26="","(sin responsabilidad)",X26)) | AI26: =IF(M26="","",IF(Y26="","(sin responsabilidad)",Y26)) | AJ26: =IF(O26="","",IF(Z26="","(sin responsabilidad)",Z26)) | AK26: =IF(Q26="","",IF(AA26="","(sin responsabilidad)",AA26)) | AN26: =IF(C26="","",TRIM(IFERROR(LEFT(C26,FIND("(",C26)-1),C26))) | AO26: =IF(E26="","",TRIM(IFERROR(LEFT(E26,FIND("(",E26)-1),E26))) | AP26: =IF(G26="","",TRIM(IFERROR(LEFT(G26,FIND("(",G26)-1),G26))) | AQ26: =IF(I26="","",TRIM(IFERROR(LEFT(I26,FIND("(",I26)-1),I26))) | AR26: =IF(K26="","",TRIM(IFERROR(LEFT(K26,FIND("(",K26)-1),K26))) | AS26: =IF(M26="","",TRIM(IFERROR(LEFT(M26,FIND("(",M26)-1),M26))) | AT26: =IF(O26="","",TRIM(IFERROR(LEFT(O26,FIND("(",O26)-1),O26))) | AU26: =IF(Q26="","",TRIM(IFERROR(LEFT(Q26,FIND("(",Q26)-1),Q26)))
A27: 13 | T27: =IF(B27<>"",TRIM(IFERROR(LEFT(B27,FIND("(",B27)-1),B27)),T26) | U27: =IF(D27<>"",TRIM(IFERROR(LEFT(D27,FIND("(",D27)-1),D27)),U26) | V27: =IF(F27<>"",TRIM(IFERROR(LEFT(F27,FIND("(",F27)-1),F27)),V26) | W27: =IF(H27<>"",TRIM(IFERROR(LEFT(H27,FIND("(",H27)-1),H27)),W26) | X27: =IF(J27<>"",TRIM(IFERROR(LEFT(J27,FIND("(",J27)-1),J27)),X26) | Y27: =IF(L27<>"",TRIM(IFERROR(LEFT(L27,FIND("(",L27)-1),L27)),Y26) | Z27: =IF(N27<>"",TRIM(IFERROR(LEFT(N27,FIND("(",N27)-1),N27)),Z26) | AA27: =IF(P27<>"",TRIM(IFERROR(LEFT(P27,FIND("(",P27)-1),P27)),AA26) | AD27: =IF(C27="","",IF(T27="","(sin responsabilidad)",T27)) | AE27: =IF(E27="","",IF(U27="","(sin responsabilidad)",U27)) | AF27: =IF(G27="","",IF(V27="","(sin responsabilidad)",V27)) | AG27: =IF(I27="","",IF(W27="","(sin responsabilidad)",W27)) | AH27: =IF(K27="","",IF(X27="","(sin responsabilidad)",X27)) | AI27: =IF(M27="","",IF(Y27="","(sin responsabilidad)",Y27)) | AJ27: =IF(O27="","",IF(Z27="","(sin responsabilidad)",Z27)) | AK27: =IF(Q27="","",IF(AA27="","(sin responsabilidad)",AA27)) | AN27: =IF(C27="","",TRIM(IFERROR(LEFT(C27,FIND("(",C27)-1),C27))) | AO27: =IF(E27="","",TRIM(IFERROR(LEFT(E27,FIND("(",E27)-1),E27))) | AP27: =IF(G27="","",TRIM(IFERROR(LEFT(G27,FIND("(",G27)-1),G27))) | AQ27: =IF(I27="","",TRIM(IFERROR(LEFT(I27,FIND("(",I27)-1),I27))) | AR27: =IF(K27="","",TRIM(IFERROR(LEFT(K27,FIND("(",K27)-1),K27))) | AS27: =IF(M27="","",TRIM(IFERROR(LEFT(M27,FIND("(",M27)-1),M27))) | AT27: =IF(O27="","",TRIM(IFERROR(LEFT(O27,FIND("(",O27)-1),O27))) | AU27: =IF(Q27="","",TRIM(IFERROR(LEFT(Q27,FIND("(",Q27)-1),Q27)))
... A64: 50 | T64: =IF(B64<>"",TRIM(IFERROR(LEFT(B64,FIND("(",B64)-1),B64)),T63) | U64: =IF(D64<>"",TRIM(IFERROR(LEFT(D64,FIND("(",D64)-1),D64)),U63) | V64: =IF(F64<>"",TRIM(IFERROR(LEFT(F64,FIND("(",F64)-1),F64)),V63) | W64: =IF(H64<>"",TRIM(IFERROR(LEFT(H64,FIND("(",H64)-1),H64)),W63) | X64: =IF(J64<>"",TRIM(IFERROR(LEFT(J64,FIND("(",J64)-1),J64)),X63) | Y64: =IF(L64<>"",TRIM(IFERROR(LEFT(L64,FIND("(",L64)-1),L64)),Y63) | Z64: =IF(N64<>"",TRIM(IFERROR(LEFT(N64,FIND("(",N64)-1),N64)),Z63) | AA64: =IF(P64<>"",TRIM(IFERROR(LEFT(P64,FIND("(",P64)-1),P64)),AA63) | AD64: =IF(C64="","",IF(T64="","(sin responsabilidad)",T64)) | AE64: =IF(E64="","",IF(U64="","(sin responsabilidad)",U64)) | AF64: =IF(G64="","",IF(V64="","(sin responsabilidad)",V64)) | AG64: =IF(I64="","",IF(W64="","(sin responsabilidad)",W64)) | AH64: =IF(K64="","",IF(X64="","(sin responsabilidad)",X64)) | AI64: =IF(M64="","",IF(Y64="","(sin responsabilidad)",Y64)) | AJ64: =IF(O64="","",IF(Z64="","(sin responsabilidad)",Z64)) | AK64: =IF(Q64="","",IF(AA64="","(sin responsabilidad)",AA64)) | AN64: =IF(C64="","",TRIM(IFERROR(LEFT(C64,FIND("(",C64)-1),C64))) | AO64: =IF(E64="","",TRIM(IFERROR(LEFT(E64,FIND("(",E64)-1),E64))) | AP64: =IF(G64="","",TRIM(IFERROR(LEFT(G64,FIND("(",G64)-1),G64))) | AQ64: =IF(I64="","",TRIM(IFERROR(LEFT(I64,FIND("(",I64)-1),I64))) | AR64: =IF(K64="","",TRIM(IFERROR(LEFT(K64,FIND("(",K64)-1),K64))) | AS64: =IF(M64="","",TRIM(IFERROR(LEFT(M64,FIND("(",M64)-1),M64))) | AT64: =IF(O64="","",TRIM(IFERROR(LEFT(O64,FIND("(",O64)-1),O64))) | AU64: =IF(Q64="","",TRIM(IFERROR(LEFT(Q64,FIND("(",Q64)-1),Q64)))

Sheet Ejemplo
A1: PLAN DEL DÍA | B1: Fecha / Date: | C1: 46314 | F1: Total personas / people: | G1: =B13+D13+F13+H13+J13+L13+N13+P13 -> 124 | I1: Nombres repetidos / Repeated: | J1: =SUMPRODUCT(($AN$6:$AU$64<>"")*(COUNTIF($AN$6:$AU$64,$AN$6:$AU$64)>1)) -> 0
A2: EJEMPLO (de la foto del 19/10, con nombres como están en Connecteam). No se conecta con Resumen. / Sample only.
A3: Proyecto / Project | B3: Bucking | D3: Prerolls | F3: Trimming | H3: Harvest Intake | J3: Harvest | L3: Watering | N3: Fresh Frozen
A4: Sitio / Site | B4: Adobe | D4: Adobe | F4: Adobe | H4: Adobe | J4: Comstock | L4: Wildcat | N4: Sulphur Bank
A5: Horario: inicio | fin | B5: 7am | C5: 3:30pm | D5: 7am | E5: 3:30pm | F5: 7am | G5: 3:30pm | H5: 5am | I5: 2pm | J5: 4am | K5: 12:30pm | L5: 7am | M5: 3:30pm | N5: 7am | O5: 3:30pm
A6: Líder / Lead | D6: Jesus Ayerin Sicairos | J6: Yobani Vega | N6: Juan J. Parra | AN6: =IF(B6="","",TRIM(IFERROR(LEFT(B6,FIND("(",B6)-1),B6))) | AO6: =IF(D6="","",TRIM(IFERROR(LEFT(D6,FIND("(",D6)-1),D6))) -> Jesus Ayerin Sicairos | AP6: =IF(F6="","",TRIM(IFERROR(LEFT(F6,FIND("(",F6)-1),F6))) | AQ6: =IF(H6="","",TRIM(IFERROR(LEFT(H6,FIND("(",H6)-1),H6))) | AR6: =IF(J6="","",TRIM(IFERROR(LEFT(J6,FIND("(",J6)-1),J6))) -> Yobani Vega | AS6: =IF(L6="","",TRIM(IFERROR(LEFT(L6,FIND("(",L6)-1),L6))) | AT6: =IF(N6="","",TRIM(IFERROR(LEFT(N6,FIND("(",N6)-1),N6))) -> Juan J. Parra | AU6: =IF(P6="","",TRIM(IFERROR(LEFT(P6,FIND("(",P6)-1),P6)))
A7: Contratista 1: nombre | cuántos | F7: Juan | G7: 15 | H7: Juan | I7: 8 | J7: Juan | K7: 10 | N7: Juan | O7: 20
A8: Contratista 1: inicio | fin
A9: Contratista 2: nombre | cuántos | H9: Juan | I9: 15
A10: Contratista 2: inicio | fin | H10: 5:30pm | I10: 2am
A11: Notas / Notes | H11: Colgar a las 5:30pm: contratista 2
A12: Nombrados (incl. líder) | B12: =(B6<>"")+COUNTA(C15:C64) -> 21 | D12: =(D6<>"")+COUNTA(E15:E64) -> 6 | F12: =(F6<>"")+COUNTA(G15:G64) -> 0 | H12: =(H6<>"")+COUNTA(I15:I64) -> 10 | J12: =(J6<>"")+COUNTA(K15:K64) -> 14 | L12: =(L6<>"")+COUNTA(M15:M64) -> 1 | N12: =(N6<>"")+COUNTA(O15:O64) -> 4 | P12: =(P6<>"")+COUNTA(Q15:Q64) -> 0
A13: TOTAL (con contratistas) | B13: =B12+N(C7)+N(C9) -> 21 | D13: =D12+N(E7)+N(E9) -> 6 | F13: =F12+N(G7)+N(G9) -> 15 | H13: =H12+N(I7)+N(I9) -> 33 | J13: =J12+N(K7)+N(K9) -> 24 | L13: =L12+N(M7)+N(M9) -> 1 | N13: =N12+N(O7)+N(O9) -> 24 | P13: =P12+N(Q7)+N(Q9) -> 0
A14: Responsabilidad | Nombre ↓ | B14: Responsabilidad | C14: Nombre | D14: Responsabilidad | E14: Nombre | F14: Responsabilidad | G14: Nombre | H14: Responsabilidad | I14: Nombre | J14: Responsabilidad | K14: Nombre | L14: Responsabilidad | M14: Nombre | N14: Responsabilidad | O14: Nombre | P14: Responsabilidad | Q14: Nombre
A15: 1 | B15: Destronche | C15: Isabel Hernandez | D15: Prerolls | E15: Vianey Zazueta | H15: Colgar | I15: Jorge Santiago Calvo | J15: Cortar | K15: Jose Guadalupe Lopez | L15: Regar | M15: Isai Cruz Lopez | N15: Fresh frozen | O15: Anastasia Santiago | T15: =IF(B15<>"",TRIM(IFERROR(LEFT(B15,FIND("(",B15)-1),B15)),"") -> Destronche | U15: =IF(D15<>"",TRIM(IFERROR(LEFT(D15,FIND("(",D15)-1),D15)),"") -> Prerolls | V15: =IF(F15<>"",TRIM(IFERROR(LEFT(F15,FIND("(",F15)-1),F15)),"") | W15: =IF(H15<>"",TRIM(IFERROR(LEFT(H15,FIND("(",H15)-1),H15)),"") -> Colgar | X15: =IF(J15<>"",TRIM(IFERROR(LEFT(J15,FIND("(",J15)-1),J15)),"") -> Cortar | Y15: =IF(L15<>"",TRIM(IFERROR(LEFT(L15,FIND("(",L15)-1),L15)),"") -> Regar | Z15: =IF(N15<>"",TRIM(IFERROR(LEFT(N15,FIND("(",N15)-1),N15)),"") -> Fresh frozen | AA15: =IF(P15<>"",TRIM(IFERROR(LEFT(P15,FIND("(",P15)-1),P15)),"") | AD15: =IF(C15="","",IF(T15="","(sin responsabilidad)",T15)) -> Destronche | AE15: =IF(E15="","",IF(U15="","(sin responsabilidad)",U15)) -> Prerolls | AF15: =IF(G15="","",IF(V15="","(sin responsabilidad)",V15)) | AG15: =IF(I15="","",IF(W15="","(sin responsabilidad)",W15)) -> Colgar | AH15: =IF(K15="","",IF(X15="","(sin responsabilidad)",X15)) -> Cortar | AI15: =IF(M15="","",IF(Y15="","(sin responsabilidad)",Y15)) -> Regar | AJ15: =IF(O15="","",IF(Z15="","(sin responsabilidad)",Z15)) -> Fresh frozen | AK15: =IF(Q15="","",IF(AA15="","(sin responsabilidad)",AA15)) | AN15: =IF(C15="","",TRIM(IFERROR(LEFT(C15,FIND("(",C15)-1),C15))) -> Isabel Hernandez | AO15: =IF(E15="","",TRIM(IFERROR(LEFT(E15,FIND("(",E15)-1),E15))) -> Vianey Zazueta | AP15: =IF(G15="","",TRIM(IFERROR(LEFT(G15,FIND("(",G15)-1),G15))) | AQ15: =IF(I15="","",TRIM(IFERROR(LEFT(I15,FIND("(",I15)-1),I15))) -> Jorge Santiago Calvo | AR15: =IF(K15="","",TRIM(IFERROR(LEFT(K15,FIND("(",K15)-1),K15))) -> Jose Guadalupe Lopez | AS15: =IF(M15="","",TRIM(IFERROR(LEFT(M15,FIND("(",M15)-1),M15))) -> Isai Cruz Lopez | AT15: =IF(O15="","",TRIM(IFERROR(LEFT(O15,FIND("(",O15)-1),O15))) -> Anastasia Santiago | AU15: =IF(Q15="","",TRIM(IFERROR(LEFT(Q15,FIND("(",Q15)-1),Q15)))
A16: 2 | C16: Araceli Martinez | E16: Araceli Muniz | I16: Jesus Medina | K16: Diego Lopez | O16: Carla Gomez Perez | T16: =IF(B16<>"",TRIM(IFERROR(LEFT(B16,FIND("(",B16)-1),B16)),T15) -> Destronche | U16: =IF(D16<>"",TRIM(IFERROR(LEFT(D16,FIND("(",D16)-1),D16)),U15) -> Prerolls | V16: =IF(F16<>"",TRIM(IFERROR(LEFT(F16,FIND("(",F16)-1),F16)),V15) | W16: =IF(H16<>"",TRIM(IFERROR(LEFT(H16,FIND("(",H16)-1),H16)),W15) -> Colgar | X16: =IF(J16<>"",TRIM(IFERROR(LEFT(J16,FIND("(",J16)-1),J16)),X15) -> Cortar | Y16: =IF(L16<>"",TRIM(IFERROR(LEFT(L16,FIND("(",L16)-1),L16)),Y15) -> Regar | Z16: =IF(N16<>"",TRIM(IFERROR(LEFT(N16,FIND("(",N16)-1),N16)),Z15) -> Fresh frozen | AA16: =IF(P16<>"",TRIM(IFERROR(LEFT(P16,FIND("(",P16)-1),P16)),AA15) | AD16: =IF(C16="","",IF(T16="","(sin responsabilidad)",T16)) -> Destronche | AE16: =IF(E16="","",IF(U16="","(sin responsabilidad)",U16)) -> Prerolls | AF16: =IF(G16="","",IF(V16="","(sin responsabilidad)",V16)) | AG16: =IF(I16="","",IF(W16="","(sin responsabilidad)",W16)) -> Colgar | AH16: =IF(K16="","",IF(X16="","(sin responsabilidad)",X16)) -> Cortar | AI16: =IF(M16="","",IF(Y16="","(sin responsabilidad)",Y16)) | AJ16: =IF(O16="","",IF(Z16="","(sin responsabilidad)",Z16)) -> Fresh frozen | AK16: =IF(Q16="","",IF(AA16="","(sin responsabilidad)",AA16)) | AN16: =IF(C16="","",TRIM(IFERROR(LEFT(C16,FIND("(",C16)-1),C16))) -> Araceli Martinez | AO16: =IF(E16="","",TRIM(IFERROR(LEFT(E16,FIND("(",E16)-1),E16))) -> Araceli Muniz | AP16: =IF(G16="","",TRIM(IFERROR(LEFT(G16,FIND("(",G16)-1),G16))) | AQ16: =IF(I16="","",TRIM(IFERROR(LEFT(I16,FIND("(",I16)-1),I16))) -> Jesus Medina | AR16: =IF(K16="","",TRIM(IFERROR(LEFT(K16,FIND("(",K16)-1),K16))) -> Diego Lopez | AS16: =IF(M16="","",TRIM(IFERROR(LEFT(M16,FIND("(",M16)-1),M16))) | AT16: =IF(O16="","",TRIM(IFERROR(LEFT(O16,FIND("(",O16)-1),O16))) -> Carla Gomez Perez | AU16: =IF(Q16="","",TRIM(IFERROR(LEFT(Q16,FIND("(",Q16)-1),Q16)))
A17: 3 | C17: Gandy Cardenas | E17: Sirenia Zurita | I17: Jenri Yobani Lopez Lopez | K17: Jose Fredi Aguilar L. | O17: Aurelia Rosales | T17: =IF(B17<>"",TRIM(IFERROR(LEFT(B17,FIND("(",B17)-1),B17)),T16) -> Destronche | U17: =IF(D17<>"",TRIM(IFERROR(LEFT(D17,FIND("(",D17)-1),D17)),U16) -> Prerolls | V17: =IF(F17<>"",TRIM(IFERROR(LEFT(F17,FIND("(",F17)-1),F17)),V16) | W17: =IF(H17<>"",TRIM(IFERROR(LEFT(H17,FIND("(",H17)-1),H17)),W16) -> Colgar | X17: =IF(J17<>"",TRIM(IFERROR(LEFT(J17,FIND("(",J17)-1),J17)),X16) -> Cortar | Y17: =IF(L17<>"",TRIM(IFERROR(LEFT(L17,FIND("(",L17)-1),L17)),Y16) -> Regar | Z17: =IF(N17<>"",TRIM(IFERROR(LEFT(N17,FIND("(",N17)-1),N17)),Z16) -> Fresh frozen | AA17: =IF(P17<>"",TRIM(IFERROR(LEFT(P17,FIND("(",P17)-1),P17)),AA16) | AD17: =IF(C17="","",IF(T17="","(sin responsabilidad)",T17)) -> Destronche | AE17: =IF(E17="","",IF(U17="","(sin responsabilidad)",U17)) -> Prerolls | AF17: =IF(G17="","",IF(V17="","(sin responsabilidad)",V17)) | AG17: =IF(I17="","",IF(W17="","(sin responsabilidad)",W17)) -> Colgar | AH17: =IF(K17="","",IF(X17="","(sin responsabilidad)",X17)) -> Cortar | AI17: =IF(M17="","",IF(Y17="","(sin responsabilidad)",Y17)) | AJ17: =IF(O17="","",IF(Z17="","(sin responsabilidad)",Z17)) -> Fresh frozen | AK17: =IF(Q17="","",IF(AA17="","(sin responsabilidad)",AA17)) | AN17: =IF(C17="","",TRIM(IFERROR(LEFT(C17,FIND("(",C17)-1),C17))) -> Gandy Cardenas | AO17: =IF(E17="","",TRIM(IFERROR(LEFT(E17,FIND("(",E17)-1),E17))) -> Sirenia Zurita | AP17: =IF(G17="","",TRIM(IFERROR(LEFT(G17,FIND("(",G17)-1),G17))) | AQ17: =IF(I17="","",TRIM(IFERROR(LEFT(I17,FIND("(",I17)-1),I17))) -> Jenri Yobani Lopez Lopez | AR17: =IF(K17="","",TRIM(IFERROR(LEFT(K17,FIND("(",K17)-1),K17))) -> Jose Fredi Aguilar L. | AS17: =IF(M17="","",TRIM(IFERROR(LEFT(M17,FIND("(",M17)-1),M17))) | AT17: =IF(O17="","",TRIM(IFERROR(LEFT(O17,FIND("(",O17)-1),O17))) -> Aurelia Rosales | AU17: =IF(Q17="","",TRIM(IFERROR(LEFT(Q17,FIND("(",Q17)-1),Q17)))
A18: 4 | C18: Ramona Ortiz | E18: Ana Reyes | I18: Carlos Tentle | K18: Ismael Cruz | T18: =IF(B18<>"",TRIM(IFERROR(LEFT(B18,FIND("(",B18)-1),B18)),T17) -> Destronche | U18: =IF(D18<>"",TRIM(IFERROR(LEFT(D18,FIND("(",D18)-1),D18)),U17) -> Prerolls | V18: =IF(F18<>"",TRIM(IFERROR(LEFT(F18,FIND("(",F18)-1),F18)),V17) | W18: =IF(H18<>"",TRIM(IFERROR(LEFT(H18,FIND("(",H18)-1),H18)),W17) -> Colgar | X18: =IF(J18<>"",TRIM(IFERROR(LEFT(J18,FIND("(",J18)-1),J18)),X17) -> Cortar | Y18: =IF(L18<>"",TRIM(IFERROR(LEFT(L18,FIND("(",L18)-1),L18)),Y17) -> Regar | Z18: =IF(N18<>"",TRIM(IFERROR(LEFT(N18,FIND("(",N18)-1),N18)),Z17) -> Fresh frozen | AA18: =IF(P18<>"",TRIM(IFERROR(LEFT(P18,FIND("(",P18)-1),P18)),AA17) | AD18: =IF(C18="","",IF(T18="","(sin responsabilidad)",T18)) -> Destronche | AE18: =IF(E18="","",IF(U18="","(sin responsabilidad)",U18)) -> Prerolls | AF18: =IF(G18="","",IF(V18="","(sin responsabilidad)",V18)) | AG18: =IF(I18="","",IF(W18="","(sin responsabilidad)",W18)) -> Colgar | AH18: =IF(K18="","",IF(X18="","(sin responsabilidad)",X18)) -> Cortar | AI18: =IF(M18="","",IF(Y18="","(sin responsabilidad)",Y18)) | AJ18: =IF(O18="","",IF(Z18="","(sin responsabilidad)",Z18)) | AK18: =IF(Q18="","",IF(AA18="","(sin responsabilidad)",AA18)) | AN18: =IF(C18="","",TRIM(IFERROR(LEFT(C18,FIND("(",C18)-1),C18))) -> Ramona Ortiz | AO18: =IF(E18="","",TRIM(IFERROR(LEFT(E18,FIND("(",E18)-1),E18))) -> Ana Reyes | AP18: =IF(G18="","",TRIM(IFERROR(LEFT(G18,FIND("(",G18)-1),G18))) | AQ18: =IF(I18="","",TRIM(IFERROR(LEFT(I18,FIND("(",I18)-1),I18))) -> Carlos Tentle | AR18: =IF(K18="","",TRIM(IFERROR(LEFT(K18,FIND("(",K18)-1),K18))) -> Ismael Cruz | AS18: =IF(M18="","",TRIM(IFERROR(LEFT(M18,FIND("(",M18)-1),M18))) | AT18: =IF(O18="","",TRIM(IFERROR(LEFT(O18,FIND("(",O18)-1),O18))) | AU18: =IF(Q18="","",TRIM(IFERROR(LEFT(Q18,FIND("(",Q18)-1),Q18)))
A19: 5 | C19: Dalett Castro | D19: Packing | E19: Maria Toledo | I19: Roberto Castro | K19: Lisandro Molina | T19: =IF(B19<>"",TRIM(IFERROR(LEFT(B19,FIND("(",B19)-1),B19)),T18) -> Destronche | U19: =IF(D19<>"",TRIM(IFERROR(LEFT(D19,FIND("(",D19)-1),D19)),U18) -> Packing | V19: =IF(F19<>"",TRIM(IFERROR(LEFT(F19,FIND("(",F19)-1),F19)),V18) | W19: =IF(H19<>"",TRIM(IFERROR(LEFT(H19,FIND("(",H19)-1),H19)),W18) -> Colgar | X19: =IF(J19<>"",TRIM(IFERROR(LEFT(J19,FIND("(",J19)-1),J19)),X18) -> Cortar | Y19: =IF(L19<>"",TRIM(IFERROR(LEFT(L19,FIND("(",L19)-1),L19)),Y18) -> Regar | Z19: =IF(N19<>"",TRIM(IFERROR(LEFT(N19,FIND("(",N19)-1),N19)),Z18) -> Fresh frozen | AA19: =IF(P19<>"",TRIM(IFERROR(LEFT(P19,FIND("(",P19)-1),P19)),AA18) | AD19: =IF(C19="","",IF(T19="","(sin responsabilidad)",T19)) -> Destronche | AE19: =IF(E19="","",IF(U19="","(sin responsabilidad)",U19)) -> Packing | AF19: =IF(G19="","",IF(V19="","(sin responsabilidad)",V19)) | AG19: =IF(I19="","",IF(W19="","(sin responsabilidad)",W19)) -> Colgar | AH19: =IF(K19="","",IF(X19="","(sin responsabilidad)",X19)) -> Cortar | AI19: =IF(M19="","",IF(Y19="","(sin responsabilidad)",Y19)) | AJ19: =IF(O19="","",IF(Z19="","(sin responsabilidad)",Z19)) | AK19: =IF(Q19="","",IF(AA19="","(sin responsabilidad)",AA19)) | AN19: =IF(C19="","",TRIM(IFERROR(LEFT(C19,FIND("(",C19)-1),C19))) -> Dalett Castro | AO19: =IF(E19="","",TRIM(IFERROR(LEFT(E19,FIND("(",E19)-1),E19))) -> Maria Toledo | AP19: =IF(G19="","",TRIM(IFERROR(LEFT(G19,FIND("(",G19)-1),G19))) | AQ19: =IF(I19="","",TRIM(IFERROR(LEFT(I19,FIND("(",I19)-1),I19))) -> Roberto Castro | AR19: =IF(K19="","",TRIM(IFERROR(LEFT(K19,FIND("(",K19)-1),K19))) -> Lisandro Molina | AS19: =IF(M19="","",TRIM(IFERROR(LEFT(M19,FIND("(",M19)-1),M19))) | AT19: =IF(O19="","",TRIM(IFERROR(LEFT(O19,FIND("(",O19)-1),O19))) | AU19: =IF(Q19="","",TRIM(IFERROR(LEFT(Q19,FIND("(",Q19)-1),Q19)))
A20: 6 | C20: Maria C Pille | I20: Juan Carlos Lopez | K20: Jonathan Garcia Perez | T20: =IF(B20<>"",TRIM(IFERROR(LEFT(B20,FIND("(",B20)-1),B20)),T19) -> Destronche | U20: =IF(D20<>"",TRIM(IFERROR(LEFT(D20,FIND("(",D20)-1),D20)),U19) -> Packing | V20: =IF(F20<>"",TRIM(IFERROR(LEFT(F20,FIND("(",F20)-1),F20)),V19) | W20: =IF(H20<>"",TRIM(IFERROR(LEFT(H20,FIND("(",H20)-1),H20)),W19) -> Colgar | X20: =IF(J20<>"",TRIM(IFERROR(LEFT(J20,FIND("(",J20)-1),J20)),X19) -> Cortar | Y20: =IF(L20<>"",TRIM(IFERROR(LEFT(L20,FIND("(",L20)-1),L20)),Y19) -> Regar | Z20: =IF(N20<>"",TRIM(IFERROR(LEFT(N20,FIND("(",N20)-1),N20)),Z19) -> Fresh frozen | AA20: =IF(P20<>"",TRIM(IFERROR(LEFT(P20,FIND("(",P20)-1),P20)),AA19) | AD20: =IF(C20="","",IF(T20="","(sin responsabilidad)",T20)) -> Destronche | AE20: =IF(E20="","",IF(U20="","(sin responsabilidad)",U20)) | AF20: =IF(G20="","",IF(V20="","(sin responsabilidad)",V20)) | AG20: =IF(I20="","",IF(W20="","(sin responsabilidad)",W20)) -> Colgar | AH20: =IF(K20="","",IF(X20="","(sin responsabilidad)",X20)) -> Cortar | AI20: =IF(M20="","",IF(Y20="","(sin responsabilidad)",Y20)) | AJ20: =IF(O20="","",IF(Z20="","(sin responsabilidad)",Z20)) | AK20: =IF(Q20="","",IF(AA20="","(sin responsabilidad)",AA20)) | AN20: =IF(C20="","",TRIM(IFERROR(LEFT(C20,FIND("(",C20)-1),C20))) -> Maria C Pille | AO20: =IF(E20="","",TRIM(IFERROR(LEFT(E20,FIND("(",E20)-1),E20))) | AP20: =IF(G20="","",TRIM(IFERROR(LEFT(G20,FIND("(",G20)-1),G20))) | AQ20: =IF(I20="","",TRIM(IFERROR(LEFT(I20,FIND("(",I20)-1),I20))) -> Juan Carlos Lopez | AR20: =IF(K20="","",TRIM(IFERROR(LEFT(K20,FIND("(",K20)-1),K20))) -> Jonathan Garcia Perez | AS20: =IF(M20="","",TRIM(IFERROR(LEFT(M20,FIND("(",M20)-1),M20))) | AT20: =IF(O20="","",TRIM(IFERROR(LEFT(O20,FIND("(",O20)-1),O20))) | AU20: =IF(Q20="","",TRIM(IFERROR(LEFT(Q20,FIND("(",Q20)-1),Q20)))
A21: 7 | C21: Elena Garnica | I21: David Martinez Juarez | K21: Alvaro Cruz Lopez | T21: =IF(B21<>"",TRIM(IFERROR(LEFT(B21,FIND("(",B21)-1),B21)),T20) -> Destronche | U21: =IF(D21<>"",TRIM(IFERROR(LEFT(D21,FIND("(",D21)-1),D21)),U20) -> Packing | V21: =IF(F21<>"",TRIM(IFERROR(LEFT(F21,FIND("(",F21)-1),F21)),V20) | W21: =IF(H21<>"",TRIM(IFERROR(LEFT(H21,FIND("(",H21)-1),H21)),W20) -> Colgar | X21: =IF(J21<>"",TRIM(IFERROR(LEFT(J21,FIND("(",J21)-1),J21)),X20) -> Cortar | Y21: =IF(L21<>"",TRIM(IFERROR(LEFT(L21,FIND("(",L21)-1),L21)),Y20) -> Regar | Z21: =IF(N21<>"",TRIM(IFERROR(LEFT(N21,FIND("(",N21)-1),N21)),Z20) -> Fresh frozen | AA21: =IF(P21<>"",TRIM(IFERROR(LEFT(P21,FIND("(",P21)-1),P21)),AA20) | AD21: =IF(C21="","",IF(T21="","(sin responsabilidad)",T21)) -> Destronche | AE21: =IF(E21="","",IF(U21="","(sin responsabilidad)",U21)) | AF21: =IF(G21="","",IF(V21="","(sin responsabilidad)",V21)) | AG21: =IF(I21="","",IF(W21="","(sin responsabilidad)",W21)) -> Colgar | AH21: =IF(K21="","",IF(X21="","(sin responsabilidad)",X21)) -> Cortar | AI21: =IF(M21="","",IF(Y21="","(sin responsabilidad)",Y21)) | AJ21: =IF(O21="","",IF(Z21="","(sin responsabilidad)",Z21)) | AK21: =IF(Q21="","",IF(AA21="","(sin responsabilidad)",AA21)) | AN21: =IF(C21="","",TRIM(IFERROR(LEFT(C21,FIND("(",C21)-1),C21))) -> Elena Garnica | AO21: =IF(E21="","",TRIM(IFERROR(LEFT(E21,FIND("(",E21)-1),E21))) | AP21: =IF(G21="","",TRIM(IFERROR(LEFT(G21,FIND("(",G21)-1),G21))) | AQ21: =IF(I21="","",TRIM(IFERROR(LEFT(I21,FIND("(",I21)-1),I21))) -> David Martinez Juarez | AR21: =IF(K21="","",TRIM(IFERROR(LEFT(K21,FIND("(",K21)-1),K21))) -> Alvaro Cruz Lopez | AS21: =IF(M21="","",TRIM(IFERROR(LEFT(M21,FIND("(",M21)-1),M21))) | AT21: =IF(O21="","",TRIM(IFERROR(LEFT(O21,FIND("(",O21)-1),O21))) | AU21: =IF(Q21="","",TRIM(IFERROR(LEFT(Q21,FIND("(",Q21)-1),Q21)))
A22: 8 | B22: Desoje | C22: Rosa Baeza | I22: Alex Palacios | K22: Edi Yunue Vega Bustamante | T22: =IF(B22<>"",TRIM(IFERROR(LEFT(B22,FIND("(",B22)-1),B22)),T21) -> Desoje | U22: =IF(D22<>"",TRIM(IFERROR(LEFT(D22,FIND("(",D22)-1),D22)),U21) -> Packing | V22: =IF(F22<>"",TRIM(IFERROR(LEFT(F22,FIND("(",F22)-1),F22)),V21) | W22: =IF(H22<>"",TRIM(IFERROR(LEFT(H22,FIND("(",H22)-1),H22)),W21) -> Colgar | X22: =IF(J22<>"",TRIM(IFERROR(LEFT(J22,FIND("(",J22)-1),J22)),X21) -> Cortar | Y22: =IF(L22<>"",TRIM(IFERROR(LEFT(L22,FIND("(",L22)-1),L22)),Y21) -> Regar | Z22: =IF(N22<>"",TRIM(IFERROR(LEFT(N22,FIND("(",N22)-1),N22)),Z21) -> Fresh frozen | AA22: =IF(P22<>"",TRIM(IFERROR(LEFT(P22,FIND("(",P22)-1),P22)),AA21) | AD22: =IF(C22="","",IF(T22="","(sin responsabilidad)",T22)) -> Desoje | AE22: =IF(E22="","",IF(U22="","(sin responsabilidad)",U22)) | AF22: =IF(G22="","",IF(V22="","(sin responsabilidad)",V22)) | AG22: =IF(I22="","",IF(W22="","(sin responsabilidad)",W22)) -> Colgar | AH22: =IF(K22="","",IF(X22="","(sin responsabilidad)",X22)) -> Cortar | AI22: =IF(M22="","",IF(Y22="","(sin responsabilidad)",Y22)) | AJ22: =IF(O22="","",IF(Z22="","(sin responsabilidad)",Z22)) | AK22: =IF(Q22="","",IF(AA22="","(sin responsabilidad)",AA22)) | AN22: =IF(C22="","",TRIM(IFERROR(LEFT(C22,FIND("(",C22)-1),C22))) -> Rosa Baeza | AO22: =IF(E22="","",TRIM(IFERROR(LEFT(E22,FIND("(",E22)-1),E22))) | AP22: =IF(G22="","",TRIM(IFERROR(LEFT(G22,FIND("(",G22)-1),G22))) | AQ22: =IF(I22="","",TRIM(IFERROR(LEFT(I22,FIND("(",I22)-1),I22))) -> Alex Palacios | AR22: =IF(K22="","",TRIM(IFERROR(LEFT(K22,FIND("(",K22)-1),K22))) -> Edi Yunue Vega Bustamante | AS22: =IF(M22="","",TRIM(IFERROR(LEFT(M22,FIND("(",M22)-1),M22))) | AT22: =IF(O22="","",TRIM(IFERROR(LEFT(O22,FIND("(",O22)-1),O22))) | AU22: =IF(Q22="","",TRIM(IFERROR(LEFT(Q22,FIND("(",Q22)-1),Q22)))
A23: 9 | C23: Maria Herlinda Zavala | I23: Eduardo Leon | K23: Gilberto Diaz | T23: =IF(B23<>"",TRIM(IFERROR(LEFT(B23,FIND("(",B23)-1),B23)),T22) -> Desoje | U23: =IF(D23<>"",TRIM(IFERROR(LEFT(D23,FIND("(",D23)-1),D23)),U22) -> Packing | V23: =IF(F23<>"",TRIM(IFERROR(LEFT(F23,FIND("(",F23)-1),F23)),V22) | W23: =IF(H23<>"",TRIM(IFERROR(LEFT(H23,FIND("(",H23)-1),H23)),W22) -> Colgar | X23: =IF(J23<>"",TRIM(IFERROR(LEFT(J23,FIND("(",J23)-1),J23)),X22) -> Cortar | Y23: =IF(L23<>"",TRIM(IFERROR(LEFT(L23,FIND("(",L23)-1),L23)),Y22) -> Regar | Z23: =IF(N23<>"",TRIM(IFERROR(LEFT(N23,FIND("(",N23)-1),N23)),Z22) -> Fresh frozen | AA23: =IF(P23<>"",TRIM(IFERROR(LEFT(P23,FIND("(",P23)-1),P23)),AA22) | AD23: =IF(C23="","",IF(T23="","(sin responsabilidad)",T23)) -> Desoje | AE23: =IF(E23="","",IF(U23="","(sin responsabilidad)",U23)) | AF23: =IF(G23="","",IF(V23="","(sin responsabilidad)",V23)) | AG23: =IF(I23="","",IF(W23="","(sin responsabilidad)",W23)) -> Colgar | AH23: =IF(K23="","",IF(X23="","(sin responsabilidad)",X23)) -> Cortar | AI23: =IF(M23="","",IF(Y23="","(sin responsabilidad)",Y23)) | AJ23: =IF(O23="","",IF(Z23="","(sin responsabilidad)",Z23)) | AK23: =IF(Q23="","",IF(AA23="","(sin responsabilidad)",AA23)) | AN23: =IF(C23="","",TRIM(IFERROR(LEFT(C23,FIND("(",C23)-1),C23))) -> Maria Herlinda Zavala | AO23: =IF(E23="","",TRIM(IFERROR(LEFT(E23,FIND("(",E23)-1),E23))) | AP23: =IF(G23="","",TRIM(IFERROR(LEFT(G23,FIND("(",G23)-1),G23))) | AQ23: =IF(I23="","",TRIM(IFERROR(LEFT(I23,FIND("(",I23)-1),I23))) -> Eduardo Leon | AR23: =IF(K23="","",TRIM(IFERROR(LEFT(K23,FIND("(",K23)-1),K23))) -> Gilberto Diaz | AS23: =IF(M23="","",TRIM(IFERROR(LEFT(M23,FIND("(",M23)-1),M23))) | AT23: =IF(O23="","",TRIM(IFERROR(LEFT(O23,FIND("(",O23)-1),O23))) | AU23: =IF(Q23="","",TRIM(IFERROR(LEFT(Q23,FIND("(",Q23)-1),Q23)))
A24: 10 | C24: Raquel Garcia | H24: Cuartos | I24: Kevin Sicairos | J24: Chofer | K24: Jorge Rojas (sale 5am) | T24: =IF(B24<>"",TRIM(IFERROR(LEFT(B24,FIND("(",B24)-1),B24)),T23) -> Desoje | U24: =IF(D24<>"",TRIM(IFERROR(LEFT(D24,FIND("(",D24)-1),D24)),U23) -> Packing | V24: =IF(F24<>"",TRIM(IFERROR(LEFT(F24,FIND("(",F24)-1),F24)),V23) | W24: =IF(H24<>"",TRIM(IFERROR(LEFT(H24,FIND("(",H24)-1),H24)),W23) -> Cuartos | X24: =IF(J24<>"",TRIM(IFERROR(LEFT(J24,FIND("(",J24)-1),J24)),X23) -> Chofer | Y24: =IF(L24<>"",TRIM(IFERROR(LEFT(L24,FIND("(",L24)-1),L24)),Y23) -> Regar | Z24: =IF(N24<>"",TRIM(IFERROR(LEFT(N24,FIND("(",N24)-1),N24)),Z23) -> Fresh frozen | AA24: =IF(P24<>"",TRIM(IFERROR(LEFT(P24,FIND("(",P24)-1),P24)),AA23) | AD24: =IF(C24="","",IF(T24="","(sin responsabilidad)",T24)) -> Desoje | AE24: =IF(E24="","",IF(U24="","(sin responsabilidad)",U24)) | AF24: =IF(G24="","",IF(V24="","(sin responsabilidad)",V24)) | AG24: =IF(I24="","",IF(W24="","(sin responsabilidad)",W24)) -> Cuartos | AH24: =IF(K24="","",IF(X24="","(sin responsabilidad)",X24)) -> Chofer | AI24: =IF(M24="","",IF(Y24="","(sin responsabilidad)",Y24)) | AJ24: =IF(O24="","",IF(Z24="","(sin responsabilidad)",Z24)) | AK24: =IF(Q24="","",IF(AA24="","(sin responsabilidad)",AA24)) | AN24: =IF(C24="","",TRIM(IFERROR(LEFT(C24,FIND("(",C24)-1),C24))) -> Raquel Garcia | AO24: =IF(E24="","",TRIM(IFERROR(LEFT(E24,FIND("(",E24)-1),E24))) | AP24: =IF(G24="","",TRIM(IFERROR(LEFT(G24,FIND("(",G24)-1),G24))) | AQ24: =IF(I24="","",TRIM(IFERROR(LEFT(I24,FIND("(",I24)-1),I24))) -> Kevin Sicairos | AR24: =IF(K24="","",TRIM(IFERROR(LEFT(K24,FIND("(",K24)-1),K24))) -> Jorge Rojas | AS24: =IF(M24="","",TRIM(IFERROR(LEFT(M24,FIND("(",M24)-1),M24))) | AT24: =IF(O24="","",TRIM(IFERROR(LEFT(O24,FIND("(",O24)-1),O24))) | AU24: =IF(Q24="","",TRIM(IFERROR(LEFT(Q24,FIND("(",Q24)-1),Q24)))
A25: 11 | C25: Alma Garcia | K25: Ernesto Daniel Sicairos (sale 4am) | T25: =IF(B25<>"",TRIM(IFERROR(LEFT(B25,FIND("(",B25)-1),B25)),T24) -> Desoje | U25: =IF(D25<>"",TRIM(IFERROR(LEFT(D25,FIND("(",D25)-1),D25)),U24) -> Packing | V25: =IF(F25<>"",TRIM(IFERROR(LEFT(F25,FIND("(",F25)-1),F25)),V24) | W25: =IF(H25<>"",TRIM(IFERROR(LEFT(H25,FIND("(",H25)-1),H25)),W24) -> Cuartos | X25: =IF(J25<>"",TRIM(IFERROR(LEFT(J25,FIND("(",J25)-1),J25)),X24) -> Chofer | Y25: =IF(L25<>"",TRIM(IFERROR(LEFT(L25,FIND("(",L25)-1),L25)),Y24) -> Regar | Z25: =IF(N25<>"",TRIM(IFERROR(LEFT(N25,FIND("(",N25)-1),N25)),Z24) -> Fresh frozen | AA25: =IF(P25<>"",TRIM(IFERROR(LEFT(P25,FIND("(",P25)-1),P25)),AA24) | AD25: =IF(C25="","",IF(T25="","(sin responsabilidad)",T25)) -> Desoje | AE25: =IF(E25="","",IF(U25="","(sin responsabilidad)",U25)) | AF25: =IF(G25="","",IF(V25="","(sin responsabilidad)",V25)) | AG25: =IF(I25="","",IF(W25="","(sin responsabilidad)",W25)) | AH25: =IF(K25="","",IF(X25="","(sin responsabilidad)",X25)) -> Chofer | AI25: =IF(M25="","",IF(Y25="","(sin responsabilidad)",Y25)) | AJ25: =IF(O25="","",IF(Z25="","(sin responsabilidad)",Z25)) | AK25: =IF(Q25="","",IF(AA25="","(sin responsabilidad)",AA25)) | AN25: =IF(C25="","",TRIM(IFERROR(LEFT(C25,FIND("(",C25)-1),C25))) -> Alma Garcia | AO25: =IF(E25="","",TRIM(IFERROR(LEFT(E25,FIND("(",E25)-1),E25))) | AP25: =IF(G25="","",TRIM(IFERROR(LEFT(G25,FIND("(",G25)-1),G25))) | AQ25: =IF(I25="","",TRIM(IFERROR(LEFT(I25,FIND("(",I25)-1),I25))) | AR25: =IF(K25="","",TRIM(IFERROR(LEFT(K25,FIND("(",K25)-1),K25))) -> Ernesto Daniel Sicairos | AS25: =IF(M25="","",TRIM(IFERROR(LEFT(M25,FIND("(",M25)-1),M25))) | AT25: =IF(O25="","",TRIM(IFERROR(LEFT(O25,FIND("(",O25)-1),O25))) | AU25: =IF(Q25="","",TRIM(IFERROR(LEFT(Q25,FIND("(",Q25)-1),Q25)))
A26: 12 | C26: Yuliana Rivas Garcia | K26: Antonio Rivas (sale 3am) | T26: =IF(B26<>"",TRIM(IFERROR(LEFT(B26,FIND("(",B26)-1),B26)),T25) -> Desoje | U26: =IF(D26<>"",TRIM(IFERROR(LEFT(D26,FIND("(",D26)-1),D26)),U25) -> Packing | V26: =IF(F26<>"",TRIM(IFERROR(LEFT(F26,FIND("(",F26)-1),F26)),V25) | W26: =IF(H26<>"",TRIM(IFERROR(LEFT(H26,FIND("(",H26)-1),H26)),W25) -> Cuartos | X26: =IF(J26<>"",TRIM(IFERROR(LEFT(J26,FIND("(",J26)-1),J26)),X25) -> Chofer | Y26: =IF(L26<>"",TRIM(IFERROR(LEFT(L26,FIND("(",L26)-1),L26)),Y25) -> Regar | Z26: =IF(N26<>"",TRIM(IFERROR(LEFT(N26,FIND("(",N26)-1),N26)),Z25) -> Fresh frozen | AA26: =IF(P26<>"",TRIM(IFERROR(LEFT(P26,FIND("(",P26)-1),P26)),AA25) | AD26: =IF(C26="","",IF(T26="","(sin responsabilidad)",T26)) -> Desoje | AE26: =IF(E26="","",IF(U26="","(sin responsabilidad)",U26)) | AF26: =IF(G26="","",IF(V26="","(sin responsabilidad)",V26)) | AG26: =IF(I26="","",IF(W26="","(sin responsabilidad)",W26)) | AH26: =IF(K26="","",IF(X26="","(sin responsabilidad)",X26)) -> Chofer | AI26: =IF(M26="","",IF(Y26="","(sin responsabilidad)",Y26)) | AJ26: =IF(O26="","",IF(Z26="","(sin responsabilidad)",Z26)) | AK26: =IF(Q26="","",IF(AA26="","(sin responsabilidad)",AA26)) | AN26: =IF(C26="","",TRIM(IFERROR(LEFT(C26,FIND("(",C26)-1),C26))) -> Yuliana Rivas Garcia | AO26: =IF(E26="","",TRIM(IFERROR(LEFT(E26,FIND("(",E26)-1),E26))) | AP26: =IF(G26="","",TRIM(IFERROR(LEFT(G26,FIND("(",G26)-1),G26))) | AQ26: =IF(I26="","",TRIM(IFERROR(LEFT(I26,FIND("(",I26)-1),I26))) | AR26: =IF(K26="","",TRIM(IFERROR(LEFT(K26,FIND("(",K26)-1),K26))) -> Antonio Rivas | AS26: =IF(M26="","",TRIM(IFERROR(LEFT(M26,FIND("(",M26)-1),M26))) | AT26: =IF(O26="","",TRIM(IFERROR(LEFT(O26,FIND("(",O26)-1),O26))) | AU26: =IF(Q26="","",TRIM(IFERROR(LEFT(Q26,FIND("(",Q26)-1),Q26)))
A27: 13 | C27: Sr. Juan Ninche | K27: Antonio Sonato (sale 6am) | T27: =IF(B27<>"",TRIM(IFERROR(LEFT(B27,FIND("(",B27)-1),B27)),T26) -> Desoje | U27: =IF(D27<>"",TRIM(IFERROR(LEFT(D27,FIND("(",D27)-1),D27)),U26) -> Packing | V27: =IF(F27<>"",TRIM(IFERROR(LEFT(F27,FIND("(",F27)-1),F27)),V26) | W27: =IF(H27<>"",TRIM(IFERROR(LEFT(H27,FIND("(",H27)-1),H27)),W26) -> Cuartos | X27: =IF(J27<>"",TRIM(IFERROR(LEFT(J27,FIND("(",J27)-1),J27)),X26) -> Chofer | Y27: =IF(L27<>"",TRIM(IFERROR(LEFT(L27,FIND("(",L27)-1),L27)),Y26) -> Regar | Z27: =IF(N27<>"",TRIM(IFERROR(LEFT(N27,FIND("(",N27)-1),N27)),Z26) -> Fresh frozen | AA27: =IF(P27<>"",TRIM(IFERROR(LEFT(P27,FIND("(",P27)-1),P27)),AA26) | AD27: =IF(C27="","",IF(T27="","(sin responsabilidad)",T27)) -> Desoje | AE27: =IF(E27="","",IF(U27="","(sin responsabilidad)",U27)) | AF27: =IF(G27="","",IF(V27="","(sin responsabilidad)",V27)) | AG27: =IF(I27="","",IF(W27="","(sin responsabilidad)",W27)) | AH27: =IF(K27="","",IF(X27="","(sin responsabilidad)",X27)) -> Chofer | AI27: =IF(M27="","",IF(Y27="","(sin responsabilidad)",Y27)) | AJ27: =IF(O27="","",IF(Z27="","(sin responsabilidad)",Z27)) | AK27: =IF(Q27="","",IF(AA27="","(sin responsabilidad)",AA27)) | AN27: =IF(C27="","",TRIM(IFERROR(LEFT(C27,FIND("(",C27)-1),C27))) -> Sr. Juan Ninche | AO27: =IF(E27="","",TRIM(IFERROR(LEFT(E27,FIND("(",E27)-1),E27))) | AP27: =IF(G27="","",TRIM(IFERROR(LEFT(G27,FIND("(",G27)-1),G27))) | AQ27: =IF(I27="","",TRIM(IFERROR(LEFT(I27,FIND("(",I27)-1),I27))) | AR27: =IF(K27="","",TRIM(IFERROR(LEFT(K27,FIND("(",K27)-1),K27))) -> Antonio Sonato | AS27: =IF(M27="","",TRIM(IFERROR(LEFT(M27,FIND("(",M27)-1),M27))) | AT27: =IF(O27="","",TRIM(IFERROR(LEFT(O27,FIND("(",O27)-1),O27))) | AU27: =IF(Q27="","",TRIM(IFERROR(LEFT(Q27,FIND("(",Q27)-1),Q27)))
A28: 14 | C28: Flor Sierra | T28: =IF(B28<>"",TRIM(IFERROR(LEFT(B28,FIND("(",B28)-1),B28)),T27) -> Desoje | U28: =IF(D28<>"",TRIM(IFERROR(LEFT(D28,FIND("(",D28)-1),D28)),U27) -> Packing | V28: =IF(F28<>"",TRIM(IFERROR(LEFT(F28,FIND("(",F28)-1),F28)),V27) | W28: =IF(H28<>"",TRIM(IFERROR(LEFT(H28,FIND("(",H28)-1),H28)),W27) -> Cuartos | X28: =IF(J28<>"",TRIM(IFERROR(LEFT(J28,FIND("(",J28)-1),J28)),X27) -> Chofer | Y28: =IF(L28<>"",TRIM(IFERROR(LEFT(L28,FIND("(",L28)-1),L28)),Y27) -> Regar | Z28: =IF(N28<>"",TRIM(IFERROR(LEFT(N28,FIND("(",N28)-1),N28)),Z27) -> Fresh frozen | AA28: =IF(P28<>"",TRIM(IFERROR(LEFT(P28,FIND("(",P28)-1),P28)),AA27) | AD28: =IF(C28="","",IF(T28="","(sin responsabilidad)",T28)) -> Desoje | AE28: =IF(E28="","",IF(U28="","(sin responsabilidad)",U28)) | AF28: =IF(G28="","",IF(V28="","(sin responsabilidad)",V28)) | AG28: =IF(I28="","",IF(W28="","(sin responsabilidad)",W28)) | AH28: =IF(K28="","",IF(X28="","(sin responsabilidad)",X28)) | AI28: =IF(M28="","",IF(Y28="","(sin responsabilidad)",Y28)) | AJ28: =IF(O28="","",IF(Z28="","(sin responsabilidad)",Z28)) | AK28: =IF(Q28="","",IF(AA28="","(sin responsabilidad)",AA28)) | AN28: =IF(C28="","",TRIM(IFERROR(LEFT(C28,FIND("(",C28)-1),C28))) -> Flor Sierra | AO28: =IF(E28="","",TRIM(IFERROR(LEFT(E28,FIND("(",E28)-1),E28))) | AP28: =IF(G28="","",TRIM(IFERROR(LEFT(G28,FIND("(",G28)-1),G28))) | AQ28: =IF(I28="","",TRIM(IFERROR(LEFT(I28,FIND("(",I28)-1),I28))) | AR28: =IF(K28="","",TRIM(IFERROR(LEFT(K28,FIND("(",K28)-1),K28))) | AS28: =IF(M28="","",TRIM(IFERROR(LEFT(M28,FIND("(",M28)-1),M28))) | AT28: =IF(O28="","",TRIM(IFERROR(LEFT(O28,FIND("(",O28)-1),O28))) | AU28: =IF(Q28="","",TRIM(IFERROR(LEFT(Q28,FIND("(",Q28)-1),Q28)))
A29: 15 | C29: Maria Elena Mendoza | T29: =IF(B29<>"",TRIM(IFERROR(LEFT(B29,FIND("(",B29)-1),B29)),T28) -> Desoje | U29: =IF(D29<>"",TRIM(IFERROR(LEFT(D29,FIND("(",D29)-1),D29)),U28) -> Packing | V29: =IF(F29<>"",TRIM(IFERROR(LEFT(F29,FIND("(",F29)-1),F29)),V28) | W29: =IF(H29<>"",TRIM(IFERROR(LEFT(H29,FIND("(",H29)-1),H29)),W28) -> Cuartos | X29: =IF(J29<>"",TRIM(IFERROR(LEFT(J29,FIND("(",J29)-1),J29)),X28) -> Chofer | Y29: =IF(L29<>"",TRIM(IFERROR(LEFT(L29,FIND("(",L29)-1),L29)),Y28) -> Regar | Z29: =IF(N29<>"",TRIM(IFERROR(LEFT(N29,FIND("(",N29)-1),N29)),Z28) -> Fresh frozen | AA29: =IF(P29<>"",TRIM(IFERROR(LEFT(P29,FIND("(",P29)-1),P29)),AA28) | AD29: =IF(C29="","",IF(T29="","(sin responsabilidad)",T29)) -> Desoje | AE29: =IF(E29="","",IF(U29="","(sin responsabilidad)",U29)) | AF29: =IF(G29="","",IF(V29="","(sin responsabilidad)",V29)) | AG29: =IF(I29="","",IF(W29="","(sin responsabilidad)",W29)) | AH29: =IF(K29="","",IF(X29="","(sin responsabilidad)",X29)) | AI29: =IF(M29="","",IF(Y29="","(sin responsabilidad)",Y29)) | AJ29: =IF(O29="","",IF(Z29="","(sin responsabilidad)",Z29)) | AK29: =IF(Q29="","",IF(AA29="","(sin responsabilidad)",AA29)) | AN29: =IF(C29="","",TRIM(IFERROR(LEFT(C29,FIND("(",C29)-1),C29))) -> Maria Elena Mendoza | AO29: =IF(E29="","",TRIM(IFERROR(LEFT(E29,FIND("(",E29)-1),E29))) | AP29: =IF(G29="","",TRIM(IFERROR(LEFT(G29,FIND("(",G29)-1),G29))) | AQ29: =IF(I29="","",TRIM(IFERROR(LEFT(I29,FIND("(",I29)-1),I29))) | AR29: =IF(K29="","",TRIM(IFERROR(LEFT(K29,FIND("(",K29)-1),K29))) | AS29: =IF(M29="","",TRIM(IFERROR(LEFT(M29,FIND("(",M29)-1),M29))) | AT29: =IF(O29="","",TRIM(IFERROR(LEFT(O29,FIND("(",O29)-1),O29))) | AU29: =IF(Q29="","",TRIM(IFERROR(LEFT(Q29,FIND("(",Q29)-1),Q29)))
A30: 16 | C30: Rosa Navarro | T30: =IF(B30<>"",TRIM(IFERROR(LEFT(B30,FIND("(",B30)-1),B30)),T29) -> Desoje | U30: =IF(D30<>"",TRIM(IFERROR(LEFT(D30,FIND("(",D30)-1),D30)),U29) -> Packing | V30: =IF(F30<>"",TRIM(IFERROR(LEFT(F30,FIND("(",F30)-1),F30)),V29) | W30: =IF(H30<>"",TRIM(IFERROR(LEFT(H30,FIND("(",H30)-1),H30)),W29) -> Cuartos | X30: =IF(J30<>"",TRIM(IFERROR(LEFT(J30,FIND("(",J30)-1),J30)),X29) -> Chofer | Y30: =IF(L30<>"",TRIM(IFERROR(LEFT(L30,FIND("(",L30)-1),L30)),Y29) -> Regar | Z30: =IF(N30<>"",TRIM(IFERROR(LEFT(N30,FIND("(",N30)-1),N30)),Z29) -> Fresh frozen | AA30: =IF(P30<>"",TRIM(IFERROR(LEFT(P30,FIND("(",P30)-1),P30)),AA29) | AD30: =IF(C30="","",IF(T30="","(sin responsabilidad)",T30)) -> Desoje | AE30: =IF(E30="","",IF(U30="","(sin responsabilidad)",U30)) | AF30: =IF(G30="","",IF(V30="","(sin responsabilidad)",V30)) | AG30: =IF(I30="","",IF(W30="","(sin responsabilidad)",W30)) | AH30: =IF(K30="","",IF(X30="","(sin responsabilidad)",X30)) | AI30: =IF(M30="","",IF(Y30="","(sin responsabilidad)",Y30)) | AJ30: =IF(O30="","",IF(Z30="","(sin responsabilidad)",Z30)) | AK30: =IF(Q30="","",IF(AA30="","(sin responsabilidad)",AA30)) | AN30: =IF(C30="","",TRIM(IFERROR(LEFT(C30,FIND("(",C30)-1),C30))) -> Rosa Navarro | AO30: =IF(E30="","",TRIM(IFERROR(LEFT(E30,FIND("(",E30)-1),E30))) | AP30: =IF(G30="","",TRIM(IFERROR(LEFT(G30,FIND("(",G30)-1),G30))) | AQ30: =IF(I30="","",TRIM(IFERROR(LEFT(I30,FIND("(",I30)-1),I30))) | AR30: =IF(K30="","",TRIM(IFERROR(LEFT(K30,FIND("(",K30)-1),K30))) | AS30: =IF(M30="","",TRIM(IFERROR(LEFT(M30,FIND("(",M30)-1),M30))) | AT30: =IF(O30="","",TRIM(IFERROR(LEFT(O30,FIND("(",O30)-1),O30))) | AU30: =IF(Q30="","",TRIM(IFERROR(LEFT(Q30,FIND("(",Q30)-1),Q30)))
A31: 17 | C31: Brenda Olivas | T31: =IF(B31<>"",TRIM(IFERROR(LEFT(B31,FIND("(",B31)-1),B31)),T30) -> Desoje | U31: =IF(D31<>"",TRIM(IFERROR(LEFT(D31,FIND("(",D31)-1),D31)),U30) -> Packing | V31: =IF(F31<>"",TRIM(IFERROR(LEFT(F31,FIND("(",F31)-1),F31)),V30) | W31: =IF(H31<>"",TRIM(IFERROR(LEFT(H31,FIND("(",H31)-1),H31)),W30) -> Cuartos | X31: =IF(J31<>"",TRIM(IFERROR(LEFT(J31,FIND("(",J31)-1),J31)),X30) -> Chofer | Y31: =IF(L31<>"",TRIM(IFERROR(LEFT(L31,FIND("(",L31)-1),L31)),Y30) -> Regar | Z31: =IF(N31<>"",TRIM(IFERROR(LEFT(N31,FIND("(",N31)-1),N31)),Z30) -> Fresh frozen | AA31: =IF(P31<>"",TRIM(IFERROR(LEFT(P31,FIND("(",P31)-1),P31)),AA30) | AD31: =IF(C31="","",IF(T31="","(sin responsabilidad)",T31)) -> Desoje | AE31: =IF(E31="","",IF(U31="","(sin responsabilidad)",U31)) | AF31: =IF(G31="","",IF(V31="","(sin responsabilidad)",V31)) | AG31: =IF(I31="","",IF(W31="","(sin responsabilidad)",W31)) | AH31: =IF(K31="","",IF(X31="","(sin responsabilidad)",X31)) | AI31: =IF(M31="","",IF(Y31="","(sin responsabilidad)",Y31)) | AJ31: =IF(O31="","",IF(Z31="","(sin responsabilidad)",Z31)) | AK31: =IF(Q31="","",IF(AA31="","(sin responsabilidad)",AA31)) | AN31: =IF(C31="","",TRIM(IFERROR(LEFT(C31,FIND("(",C31)-1),C31))) -> Brenda Olivas | AO31: =IF(E31="","",TRIM(IFERROR(LEFT(E31,FIND("(",E31)-1),E31))) | AP31: =IF(G31="","",TRIM(IFERROR(LEFT(G31,FIND("(",G31)-1),G31))) | AQ31: =IF(I31="","",TRIM(IFERROR(LEFT(I31,FIND("(",I31)-1),I31))) | AR31: =IF(K31="","",TRIM(IFERROR(LEFT(K31,FIND("(",K31)-1),K31))) | AS31: =IF(M31="","",TRIM(IFERROR(LEFT(M31,FIND("(",M31)-1),M31))) | AT31: =IF(O31="","",TRIM(IFERROR(LEFT(O31,FIND("(",O31)-1),O31))) | AU31: =IF(Q31="","",TRIM(IFERROR(LEFT(Q31,FIND("(",Q31)-1),Q31)))
A32: 18 | C32: Elisa Cervantes | T32: =IF(B32<>"",TRIM(IFERROR(LEFT(B32,FIND("(",B32)-1),B32)),T31) -> Desoje | U32: =IF(D32<>"",TRIM(IFERROR(LEFT(D32,FIND("(",D32)-1),D32)),U31) -> Packing | V32: =IF(F32<>"",TRIM(IFERROR(LEFT(F32,FIND("(",F32)-1),F32)),V31) | W32: =IF(H32<>"",TRIM(IFERROR(LEFT(H32,FIND("(",H32)-1),H32)),W31) -> Cuartos | X32: =IF(J32<>"",TRIM(IFERROR(LEFT(J32,FIND("(",J32)-1),J32)),X31) -> Chofer | Y32: =IF(L32<>"",TRIM(IFERROR(LEFT(L32,FIND("(",L32)-1),L32)),Y31) -> Regar | Z32: =IF(N32<>"",TRIM(IFERROR(LEFT(N32,FIND("(",N32)-1),N32)),Z31) -> Fresh frozen | AA32: =IF(P32<>"",TRIM(IFERROR(LEFT(P32,FIND("(",P32)-1),P32)),AA31) | AD32: =IF(C32="","",IF(T32="","(sin responsabilidad)",T32)) -> Desoje | AE32: =IF(E32="","",IF(U32="","(sin responsabilidad)",U32)) | AF32: =IF(G32="","",IF(V32="","(sin responsabilidad)",V32)) | AG32: =IF(I32="","",IF(W32="","(sin responsabilidad)",W32)) | AH32: =IF(K32="","",IF(X32="","(sin responsabilidad)",X32)) | AI32: =IF(M32="","",IF(Y32="","(sin responsabilidad)",Y32)) | AJ32: =IF(O32="","",IF(Z32="","(sin responsabilidad)",Z32)) | AK32: =IF(Q32="","",IF(AA32="","(sin responsabilidad)",AA32)) | AN32: =IF(C32="","",TRIM(IFERROR(LEFT(C32,FIND("(",C32)-1),C32))) -> Elisa Cervantes | AO32: =IF(E32="","",TRIM(IFERROR(LEFT(E32,FIND("(",E32)-1),E32))) | AP32: =IF(G32="","",TRIM(IFERROR(LEFT(G32,FIND("(",G32)-1),G32))) | AQ32: =IF(I32="","",TRIM(IFERROR(LEFT(I32,FIND("(",I32)-1),I32))) | AR32: =IF(K32="","",TRIM(IFERROR(LEFT(K32,FIND("(",K32)-1),K32))) | AS32: =IF(M32="","",TRIM(IFERROR(LEFT(M32,FIND("(",M32)-1),M32))) | AT32: =IF(O32="","",TRIM(IFERROR(LEFT(O32,FIND("(",O32)-1),O32))) | AU32: =IF(Q32="","",TRIM(IFERROR(LEFT(Q32,FIND("(",Q32)-1),Q32)))
A33: 19 | B33: Pesar | C33: Ernestina Garcia | T33: =IF(B33<>"",TRIM(IFERROR(LEFT(B33,FIND("(",B33)-1),B33)),T32) -> Pesar | U33: =IF(D33<>"",TRIM(IFERROR(LEFT(D33,FIND("(",D33)-1),D33)),U32) -> Packing | V33: =IF(F33<>"",TRIM(IFERROR(LEFT(F33,FIND("(",F33)-1),F33)),V32) | W33: =IF(H33<>"",TRIM(IFERROR(LEFT(H33,FIND("(",H33)-1),H33)),W32) -> Cuartos | X33: =IF(J33<>"",TRIM(IFERROR(LEFT(J33,FIND("(",J33)-1),J33)),X32) -> Chofer | Y33: =IF(L33<>"",TRIM(IFERROR(LEFT(L33,FIND("(",L33)-1),L33)),Y32) -> Regar | Z33: =IF(N33<>"",TRIM(IFERROR(LEFT(N33,FIND("(",N33)-1),N33)),Z32) -> Fresh frozen | AA33: =IF(P33<>"",TRIM(IFERROR(LEFT(P33,FIND("(",P33)-1),P33)),AA32) | AD33: =IF(C33="","",IF(T33="","(sin responsabilidad)",T33)) -> Pesar | AE33: =IF(E33="","",IF(U33="","(sin responsabilidad)",U33)) | AF33: =IF(G33="","",IF(V33="","(sin responsabilidad)",V33)) | AG33: =IF(I33="","",IF(W33="","(sin responsabilidad)",W33)) | AH33: =IF(K33="","",IF(X33="","(sin responsabilidad)",X33)) | AI33: =IF(M33="","",IF(Y33="","(sin responsabilidad)",Y33)) | AJ33: =IF(O33="","",IF(Z33="","(sin responsabilidad)",Z33)) | AK33: =IF(Q33="","",IF(AA33="","(sin responsabilidad)",AA33)) | AN33: =IF(C33="","",TRIM(IFERROR(LEFT(C33,FIND("(",C33)-1),C33))) -> Ernestina Garcia | AO33: =IF(E33="","",TRIM(IFERROR(LEFT(E33,FIND("(",E33)-1),E33))) | AP33: =IF(G33="","",TRIM(IFERROR(LEFT(G33,FIND("(",G33)-1),G33))) | AQ33: =IF(I33="","",TRIM(IFERROR(LEFT(I33,FIND("(",I33)-1),I33))) | AR33: =IF(K33="","",TRIM(IFERROR(LEFT(K33,FIND("(",K33)-1),K33))) | AS33: =IF(M33="","",TRIM(IFERROR(LEFT(M33,FIND("(",M33)-1),M33))) | AT33: =IF(O33="","",TRIM(IFERROR(LEFT(O33,FIND("(",O33)-1),O33))) | AU33: =IF(Q33="","",TRIM(IFERROR(LEFT(Q33,FIND("(",Q33)-1),Q33)))
A34: 20 | B34: Comodín proceso | C34: David Cruz | T34: =IF(B34<>"",TRIM(IFERROR(LEFT(B34,FIND("(",B34)-1),B34)),T33) -> Comodín proceso | U34: =IF(D34<>"",TRIM(IFERROR(LEFT(D34,FIND("(",D34)-1),D34)),U33) -> Packing | V34: =IF(F34<>"",TRIM(IFERROR(LEFT(F34,FIND("(",F34)-1),F34)),V33) | W34: =IF(H34<>"",TRIM(IFERROR(LEFT(H34,FIND("(",H34)-1),H34)),W33) -> Cuartos | X34: =IF(J34<>"",TRIM(IFERROR(LEFT(J34,FIND("(",J34)-1),J34)),X33) -> Chofer | Y34: =IF(L34<>"",TRIM(IFERROR(LEFT(L34,FIND("(",L34)-1),L34)),Y33) -> Regar | Z34: =IF(N34<>"",TRIM(IFERROR(LEFT(N34,FIND("(",N34)-1),N34)),Z33) -> Fresh frozen | AA34: =IF(P34<>"",TRIM(IFERROR(LEFT(P34,FIND("(",P34)-1),P34)),AA33) | AD34: =IF(C34="","",IF(T34="","(sin responsabilidad)",T34)) -> Comodín proceso | AE34: =IF(E34="","",IF(U34="","(sin responsabilidad)",U34)) | AF34: =IF(G34="","",IF(V34="","(sin responsabilidad)",V34)) | AG34: =IF(I34="","",IF(W34="","(sin responsabilidad)",W34)) | AH34: =IF(K34="","",IF(X34="","(sin responsabilidad)",X34)) | AI34: =IF(M34="","",IF(Y34="","(sin responsabilidad)",Y34)) | AJ34: =IF(O34="","",IF(Z34="","(sin responsabilidad)",Z34)) | AK34: =IF(Q34="","",IF(AA34="","(sin responsabilidad)",AA34)) | AN34: =IF(C34="","",TRIM(IFERROR(LEFT(C34,FIND("(",C34)-1),C34))) -> David Cruz | AO34: =IF(E34="","",TRIM(IFERROR(LEFT(E34,FIND("(",E34)-1),E34))) | AP34: =IF(G34="","",TRIM(IFERROR(LEFT(G34,FIND("(",G34)-1),G34))) | AQ34: =IF(I34="","",TRIM(IFERROR(LEFT(I34,FIND("(",I34)-1),I34))) | AR34: =IF(K34="","",TRIM(IFERROR(LEFT(K34,FIND("(",K34)-1),K34))) | AS34: =IF(M34="","",TRIM(IFERROR(LEFT(M34,FIND("(",M34)-1),M34))) | AT34: =IF(O34="","",TRIM(IFERROR(LEFT(O34,FIND("(",O34)-1),O34))) | AU34: =IF(Q34="","",TRIM(IFERROR(LEFT(Q34,FIND("(",Q34)-1),Q34)))
A35: 21 | B35: Mobius | C35: Alicia Morales | T35: =IF(B35<>"",TRIM(IFERROR(LEFT(B35,FIND("(",B35)-1),B35)),T34) -> Mobius | U35: =IF(D35<>"",TRIM(IFERROR(LEFT(D35,FIND("(",D35)-1),D35)),U34) -> Packing | V35: =IF(F35<>"",TRIM(IFERROR(LEFT(F35,FIND("(",F35)-1),F35)),V34) | W35: =IF(H35<>"",TRIM(IFERROR(LEFT(H35,FIND("(",H35)-1),H35)),W34) -> Cuartos | X35: =IF(J35<>"",TRIM(IFERROR(LEFT(J35,FIND("(",J35)-1),J35)),X34) -> Chofer | Y35: =IF(L35<>"",TRIM(IFERROR(LEFT(L35,FIND("(",L35)-1),L35)),Y34) -> Regar | Z35: =IF(N35<>"",TRIM(IFERROR(LEFT(N35,FIND("(",N35)-1),N35)),Z34) -> Fresh frozen | AA35: =IF(P35<>"",TRIM(IFERROR(LEFT(P35,FIND("(",P35)-1),P35)),AA34) | AD35: =IF(C35="","",IF(T35="","(sin responsabilidad)",T35)) -> Mobius | AE35: =IF(E35="","",IF(U35="","(sin responsabilidad)",U35)) | AF35: =IF(G35="","",IF(V35="","(sin responsabilidad)",V35)) | AG35: =IF(I35="","",IF(W35="","(sin responsabilidad)",W35)) | AH35: =IF(K35="","",IF(X35="","(sin responsabilidad)",X35)) | AI35: =IF(M35="","",IF(Y35="","(sin responsabilidad)",Y35)) | AJ35: =IF(O35="","",IF(Z35="","(sin responsabilidad)",Z35)) | AK35: =IF(Q35="","",IF(AA35="","(sin responsabilidad)",AA35)) | AN35: =IF(C35="","",TRIM(IFERROR(LEFT(C35,FIND("(",C35)-1),C35))) -> Alicia Morales | AO35: =IF(E35="","",TRIM(IFERROR(LEFT(E35,FIND("(",E35)-1),E35))) | AP35: =IF(G35="","",TRIM(IFERROR(LEFT(G35,FIND("(",G35)-1),G35))) | AQ35: =IF(I35="","",TRIM(IFERROR(LEFT(I35,FIND("(",I35)-1),I35))) | AR35: =IF(K35="","",TRIM(IFERROR(LEFT(K35,FIND("(",K35)-1),K35))) | AS35: =IF(M35="","",TRIM(IFERROR(LEFT(M35,FIND("(",M35)-1),M35))) | AT35: =IF(O35="","",TRIM(IFERROR(LEFT(O35,FIND("(",O35)-1),O35))) | AU35: =IF(Q35="","",TRIM(IFERROR(LEFT(Q35,FIND("(",Q35)-1),Q35)))
A36: 22 | T36: =IF(B36<>"",TRIM(IFERROR(LEFT(B36,FIND("(",B36)-1),B36)),T35) -> Mobius | U36: =IF(D36<>"",TRIM(IFERROR(LEFT(D36,FIND("(",D36)-1),D36)),U35) -> Packing | V36: =IF(F36<>"",TRIM(IFERROR(LEFT(F36,FIND("(",F36)-1),F36)),V35) | W36: =IF(H36<>"",TRIM(IFERROR(LEFT(H36,FIND("(",H36)-1),H36)),W35) -> Cuartos | X36: =IF(J36<>"",TRIM(IFERROR(LEFT(J36,FIND("(",J36)-1),J36)),X35) -> Chofer | Y36: =IF(L36<>"",TRIM(IFERROR(LEFT(L36,FIND("(",L36)-1),L36)),Y35) -> Regar | Z36: =IF(N36<>"",TRIM(IFERROR(LEFT(N36,FIND("(",N36)-1),N36)),Z35) -> Fresh frozen | AA36: =IF(P36<>"",TRIM(IFERROR(LEFT(P36,FIND("(",P36)-1),P36)),AA35) | AD36: =IF(C36="","",IF(T36="","(sin responsabilidad)",T36)) | AE36: =IF(E36="","",IF(U36="","(sin responsabilidad)",U36)) | AF36: =IF(G36="","",IF(V36="","(sin responsabilidad)",V36)) | AG36: =IF(I36="","",IF(W36="","(sin responsabilidad)",W36)) | AH36: =IF(K36="","",IF(X36="","(sin responsabilidad)",X36)) | AI36: =IF(M36="","",IF(Y36="","(sin responsabilidad)",Y36)) | AJ36: =IF(O36="","",IF(Z36="","(sin responsabilidad)",Z36)) | AK36: =IF(Q36="","",IF(AA36="","(sin responsabilidad)",AA36)) | AN36: =IF(C36="","",TRIM(IFERROR(LEFT(C36,FIND("(",C36)-1),C36))) | AO36: =IF(E36="","",TRIM(IFERROR(LEFT(E36,FIND("(",E36)-1),E36))) | AP36: =IF(G36="","",TRIM(IFERROR(LEFT(G36,FIND("(",G36)-1),G36))) | AQ36: =IF(I36="","",TRIM(IFERROR(LEFT(I36,FIND("(",I36)-1),I36))) | AR36: =IF(K36="","",TRIM(IFERROR(LEFT(K36,FIND("(",K36)-1),K36))) | AS36: =IF(M36="","",TRIM(IFERROR(LEFT(M36,FIND("(",M36)-1),M36))) | AT36: =IF(O36="","",TRIM(IFERROR(LEFT(O36,FIND("(",O36)-1),O36))) | AU36: =IF(Q36="","",TRIM(IFERROR(LEFT(Q36,FIND("(",Q36)-1),Q36)))
A37: 23 | T37: =IF(B37<>"",TRIM(IFERROR(LEFT(B37,FIND("(",B37)-1),B37)),T36) -> Mobius | U37: =IF(D37<>"",TRIM(IFERROR(LEFT(D37,FIND("(",D37)-1),D37)),U36) -> Packing | V37: =IF(F37<>"",TRIM(IFERROR(LEFT(F37,FIND("(",F37)-1),F37)),V36) | W37: =IF(H37<>"",TRIM(IFERROR(LEFT(H37,FIND("(",H37)-1),H37)),W36) -> Cuartos | X37: =IF(J37<>"",TRIM(IFERROR(LEFT(J37,FIND("(",J37)-1),J37)),X36) -> Chofer | Y37: =IF(L37<>"",TRIM(IFERROR(LEFT(L37,FIND("(",L37)-1),L37)),Y36) -> Regar | Z37: =IF(N37<>"",TRIM(IFERROR(LEFT(N37,FIND("(",N37)-1),N37)),Z36) -> Fresh frozen | AA37: =IF(P37<>"",TRIM(IFERROR(LEFT(P37,FIND("(",P37)-1),P37)),AA36) | AD37: =IF(C37="","",IF(T37="","(sin responsabilidad)",T37)) | AE37: =IF(E37="","",IF(U37="","(sin responsabilidad)",U37)) | AF37: =IF(G37="","",IF(V37="","(sin responsabilidad)",V37)) | AG37: =IF(I37="","",IF(W37="","(sin responsabilidad)",W37)) | AH37: =IF(K37="","",IF(X37="","(sin responsabilidad)",X37)) | AI37: =IF(M37="","",IF(Y37="","(sin responsabilidad)",Y37)) | AJ37: =IF(O37="","",IF(Z37="","(sin responsabilidad)",Z37)) | AK37: =IF(Q37="","",IF(AA37="","(sin responsabilidad)",AA37)) | AN37: =IF(C37="","",TRIM(IFERROR(LEFT(C37,FIND("(",C37)-1),C37))) | AO37: =IF(E37="","",TRIM(IFERROR(LEFT(E37,FIND("(",E37)-1),E37))) | AP37: =IF(G37="","",TRIM(IFERROR(LEFT(G37,FIND("(",G37)-1),G37))) | AQ37: =IF(I37="","",TRIM(IFERROR(LEFT(I37,FIND("(",I37)-1),I37))) | AR37: =IF(K37="","",TRIM(IFERROR(LEFT(K37,FIND("(",K37)-1),K37))) | AS37: =IF(M37="","",TRIM(IFERROR(LEFT(M37,FIND("(",M37)-1),M37))) | AT37: =IF(O37="","",TRIM(IFERROR(LEFT(O37,FIND("(",O37)-1),O37))) | AU37: =IF(Q37="","",TRIM(IFERROR(LEFT(Q37,FIND("(",Q37)-1),Q37)))
A38: 24 | T38: =IF(B38<>"",TRIM(IFERROR(LEFT(B38,FIND("(",B38)-1),B38)),T37) -> Mobius | U38: =IF(D38<>"",TRIM(IFERROR(LEFT(D38,FIND("(",D38)-1),D38)),U37) -> Packing | V38: =IF(F38<>"",TRIM(IFERROR(LEFT(F38,FIND("(",F38)-1),F38)),V37) | W38: =IF(H38<>"",TRIM(IFERROR(LEFT(H38,FIND("(",H38)-1),H38)),W37) -> Cuartos | X38: =IF(J38<>"",TRIM(IFERROR(LEFT(J38,FIND("(",J38)-1),J38)),X37) -> Chofer | Y38: =IF(L38<>"",TRIM(IFERROR(LEFT(L38,FIND("(",L38)-1),L38)),Y37) -> Regar | Z38: =IF(N38<>"",TRIM(IFERROR(LEFT(N38,FIND("(",N38)-1),N38)),Z37) -> Fresh frozen | AA38: =IF(P38<>"",TRIM(IFERROR(LEFT(P38,FIND("(",P38)-1),P38)),AA37) | AD38: =IF(C38="","",IF(T38="","(sin responsabilidad)",T38)) | AE38: =IF(E38="","",IF(U38="","(sin responsabilidad)",U38)) | AF38: =IF(G38="","",IF(V38="","(sin responsabilidad)",V38)) | AG38: =IF(I38="","",IF(W38="","(sin responsabilidad)",W38)) | AH38: =IF(K38="","",IF(X38="","(sin responsabilidad)",X38)) | AI38: =IF(M38="","",IF(Y38="","(sin responsabilidad)",Y38)) | AJ38: =IF(O38="","",IF(Z38="","(sin responsabilidad)",Z38)) | AK38: =IF(Q38="","",IF(AA38="","(sin responsabilidad)",AA38)) | AN38: =IF(C38="","",TRIM(IFERROR(LEFT(C38,FIND("(",C38)-1),C38))) | AO38: =IF(E38="","",TRIM(IFERROR(LEFT(E38,FIND("(",E38)-1),E38))) | AP38: =IF(G38="","",TRIM(IFERROR(LEFT(G38,FIND("(",G38)-1),G38))) | AQ38: =IF(I38="","",TRIM(IFERROR(LEFT(I38,FIND("(",I38)-1),I38))) | AR38: =IF(K38="","",TRIM(IFERROR(LEFT(K38,FIND("(",K38)-1),K38))) | AS38: =IF(M38="","",TRIM(IFERROR(LEFT(M38,FIND("(",M38)-1),M38))) | AT38: =IF(O38="","",TRIM(IFERROR(LEFT(O38,FIND("(",O38)-1),O38))) | AU38: =IF(Q38="","",TRIM(IFERROR(LEFT(Q38,FIND("(",Q38)-1),Q38)))
A39: 25 | T39: =IF(B39<>"",TRIM(IFERROR(LEFT(B39,FIND("(",B39)-1),B39)),T38) -> Mobius | U39: =IF(D39<>"",TRIM(IFERROR(LEFT(D39,FIND("(",D39)-1),D39)),U38) -> Packing | V39: =IF(F39<>"",TRIM(IFERROR(LEFT(F39,FIND("(",F39)-1),F39)),V38) | W39: =IF(H39<>"",TRIM(IFERROR(LEFT(H39,FIND("(",H39)-1),H39)),W38) -> Cuartos | X39: =IF(J39<>"",TRIM(IFERROR(LEFT(J39,FIND("(",J39)-1),J39)),X38) -> Chofer | Y39: =IF(L39<>"",TRIM(IFERROR(LEFT(L39,FIND("(",L39)-1),L39)),Y38) -> Regar | Z39: =IF(N39<>"",TRIM(IFERROR(LEFT(N39,FIND("(",N39)-1),N39)),Z38) -> Fresh frozen | AA39: =IF(P39<>"",TRIM(IFERROR(LEFT(P39,FIND("(",P39)-1),P39)),AA38) | AD39: =IF(C39="","",IF(T39="","(sin responsabilidad)",T39)) | AE39: =IF(E39="","",IF(U39="","(sin responsabilidad)",U39)) | AF39: =IF(G39="","",IF(V39="","(sin responsabilidad)",V39)) | AG39: =IF(I39="","",IF(W39="","(sin responsabilidad)",W39)) | AH39: =IF(K39="","",IF(X39="","(sin responsabilidad)",X39)) | AI39: =IF(M39="","",IF(Y39="","(sin responsabilidad)",Y39)) | AJ39: =IF(O39="","",IF(Z39="","(sin responsabilidad)",Z39)) | AK39: =IF(Q39="","",IF(AA39="","(sin responsabilidad)",AA39)) | AN39: =IF(C39="","",TRIM(IFERROR(LEFT(C39,FIND("(",C39)-1),C39))) | AO39: =IF(E39="","",TRIM(IFERROR(LEFT(E39,FIND("(",E39)-1),E39))) | AP39: =IF(G39="","",TRIM(IFERROR(LEFT(G39,FIND("(",G39)-1),G39))) | AQ39: =IF(I39="","",TRIM(IFERROR(LEFT(I39,FIND("(",I39)-1),I39))) | AR39: =IF(K39="","",TRIM(IFERROR(LEFT(K39,FIND("(",K39)-1),K39))) | AS39: =IF(M39="","",TRIM(IFERROR(LEFT(M39,FIND("(",M39)-1),M39))) | AT39: =IF(O39="","",TRIM(IFERROR(LEFT(O39,FIND("(",O39)-1),O39))) | AU39: =IF(Q39="","",TRIM(IFERROR(LEFT(Q39,FIND("(",Q39)-1),Q39)))
A40: 26 | T40: =IF(B40<>"",TRIM(IFERROR(LEFT(B40,FIND("(",B40)-1),B40)),T39) -> Mobius | U40: =IF(D40<>"",TRIM(IFERROR(LEFT(D40,FIND("(",D40)-1),D40)),U39) -> Packing | V40: =IF(F40<>"",TRIM(IFERROR(LEFT(F40,FIND("(",F40)-1),F40)),V39) | W40: =IF(H40<>"",TRIM(IFERROR(LEFT(H40,FIND("(",H40)-1),H40)),W39) -> Cuartos | X40: =IF(J40<>"",TRIM(IFERROR(LEFT(J40,FIND("(",J40)-1),J40)),X39) -> Chofer | Y40: =IF(L40<>"",TRIM(IFERROR(LEFT(L40,FIND("(",L40)-1),L40)),Y39) -> Regar | Z40: =IF(N40<>"",TRIM(IFERROR(LEFT(N40,FIND("(",N40)-1),N40)),Z39) -> Fresh frozen | AA40: =IF(P40<>"",TRIM(IFERROR(LEFT(P40,FIND("(",P40)-1),P40)),AA39) | AD40: =IF(C40="","",IF(T40="","(sin responsabilidad)",T40)) | AE40: =IF(E40="","",IF(U40="","(sin responsabilidad)",U40)) | AF40: =IF(G40="","",IF(V40="","(sin responsabilidad)",V40)) | AG40: =IF(I40="","",IF(W40="","(sin responsabilidad)",W40)) | AH40: =IF(K40="","",IF(X40="","(sin responsabilidad)",X40)) | AI40: =IF(M40="","",IF(Y40="","(sin responsabilidad)",Y40)) | AJ40: =IF(O40="","",IF(Z40="","(sin responsabilidad)",Z40)) | AK40: =IF(Q40="","",IF(AA40="","(sin responsabilidad)",AA40)) | AN40: =IF(C40="","",TRIM(IFERROR(LEFT(C40,FIND("(",C40)-1),C40))) | AO40: =IF(E40="","",TRIM(IFERROR(LEFT(E40,FIND("(",E40)-1),E40))) | AP40: =IF(G40="","",TRIM(IFERROR(LEFT(G40,FIND("(",G40)-1),G40))) | AQ40: =IF(I40="","",TRIM(IFERROR(LEFT(I40,FIND("(",I40)-1),I40))) | AR40: =IF(K40="","",TRIM(IFERROR(LEFT(K40,FIND("(",K40)-1),K40))) | AS40: =IF(M40="","",TRIM(IFERROR(LEFT(M40,FIND("(",M40)-1),M40))) | AT40: =IF(O40="","",TRIM(IFERROR(LEFT(O40,FIND("(",O40)-1),O40))) | AU40: =IF(Q40="","",TRIM(IFERROR(LEFT(Q40,FIND("(",Q40)-1),Q40)))
A41: 27 | T41: =IF(B41<>"",TRIM(IFERROR(LEFT(B41,FIND("(",B41)-1),B41)),T40) -> Mobius | U41: =IF(D41<>"",TRIM(IFERROR(LEFT(D41,FIND("(",D41)-1),D41)),U40) -> Packing | V41: =IF(F41<>"",TRIM(IFERROR(LEFT(F41,FIND("(",F41)-1),F41)),V40) | W41: =IF(H41<>"",TRIM(IFERROR(LEFT(H41,FIND("(",H41)-1),H41)),W40) -> Cuartos | X41: =IF(J41<>"",TRIM(IFERROR(LEFT(J41,FIND("(",J41)-1),J41)),X40) -> Chofer | Y41: =IF(L41<>"",TRIM(IFERROR(LEFT(L41,FIND("(",L41)-1),L41)),Y40) -> Regar | Z41: =IF(N41<>"",TRIM(IFERROR(LEFT(N41,FIND("(",N41)-1),N41)),Z40) -> Fresh frozen | AA41: =IF(P41<>"",TRIM(IFERROR(LEFT(P41,FIND("(",P41)-1),P41)),AA40) | AD41: =IF(C41="","",IF(T41="","(sin responsabilidad)",T41)) | AE41: =IF(E41="","",IF(U41="","(sin responsabilidad)",U41)) | AF41: =IF(G41="","",IF(V41="","(sin responsabilidad)",V41)) | AG41: =IF(I41="","",IF(W41="","(sin responsabilidad)",W41)) | AH41: =IF(K41="","",IF(X41="","(sin responsabilidad)",X41)) | AI41: =IF(M41="","",IF(Y41="","(sin responsabilidad)",Y41)) | AJ41: =IF(O41="","",IF(Z41="","(sin responsabilidad)",Z41)) | AK41: =IF(Q41="","",IF(AA41="","(sin responsabilidad)",AA41)) | AN41: =IF(C41="","",TRIM(IFERROR(LEFT(C41,FIND("(",C41)-1),C41))) | AO41: =IF(E41="","",TRIM(IFERROR(LEFT(E41,FIND("(",E41)-1),E41))) | AP41: =IF(G41="","",TRIM(IFERROR(LEFT(G41,FIND("(",G41)-1),G41))) | AQ41: =IF(I41="","",TRIM(IFERROR(LEFT(I41,FIND("(",I41)-1),I41))) | AR41: =IF(K41="","",TRIM(IFERROR(LEFT(K41,FIND("(",K41)-1),K41))) | AS41: =IF(M41="","",TRIM(IFERROR(LEFT(M41,FIND("(",M41)-1),M41))) | AT41: =IF(O41="","",TRIM(IFERROR(LEFT(O41,FIND("(",O41)-1),O41))) | AU41: =IF(Q41="","",TRIM(IFERROR(LEFT(Q41,FIND("(",Q41)-1),Q41)))
A42: 28 | T42: =IF(B42<>"",TRIM(IFERROR(LEFT(B42,FIND("(",B42)-1),B42)),T41) -> Mobius | U42: =IF(D42<>"",TRIM(IFERROR(LEFT(D42,FIND("(",D42)-1),D42)),U41) -> Packing | V42: =IF(F42<>"",TRIM(IFERROR(LEFT(F42,FIND("(",F42)-1),F42)),V41) | W42: =IF(H42<>"",TRIM(IFERROR(LEFT(H42,FIND("(",H42)-1),H42)),W41) -> Cuartos | X42: =IF(J42<>"",TRIM(IFERROR(LEFT(J42,FIND("(",J42)-1),J42)),X41) -> Chofer | Y42: =IF(L42<>"",TRIM(IFERROR(LEFT(L42,FIND("(",L42)-1),L42)),Y41) -> Regar | Z42: =IF(N42<>"",TRIM(IFERROR(LEFT(N42,FIND("(",N42)-1),N42)),Z41) -> Fresh frozen | AA42: =IF(P42<>"",TRIM(IFERROR(LEFT(P42,FIND("(",P42)-1),P42)),AA41) | AD42: =IF(C42="","",IF(T42="","(sin responsabilidad)",T42)) | AE42: =IF(E42="","",IF(U42="","(sin responsabilidad)",U42)) | AF42: =IF(G42="","",IF(V42="","(sin responsabilidad)",V42)) | AG42: =IF(I42="","",IF(W42="","(sin responsabilidad)",W42)) | AH42: =IF(K42="","",IF(X42="","(sin responsabilidad)",X42)) | AI42: =IF(M42="","",IF(Y42="","(sin responsabilidad)",Y42)) | AJ42: =IF(O42="","",IF(Z42="","(sin responsabilidad)",Z42)) | AK42: =IF(Q42="","",IF(AA42="","(sin responsabilidad)",AA42)) | AN42: =IF(C42="","",TRIM(IFERROR(LEFT(C42,FIND("(",C42)-1),C42))) | AO42: =IF(E42="","",TRIM(IFERROR(LEFT(E42,FIND("(",E42)-1),E42))) | AP42: =IF(G42="","",TRIM(IFERROR(LEFT(G42,FIND("(",G42)-1),G42))) | AQ42: =IF(I42="","",TRIM(IFERROR(LEFT(I42,FIND("(",I42)-1),I42))) | AR42: =IF(K42="","",TRIM(IFERROR(LEFT(K42,FIND("(",K42)-1),K42))) | AS42: =IF(M42="","",TRIM(IFERROR(LEFT(M42,FIND("(",M42)-1),M42))) | AT42: =IF(O42="","",TRIM(IFERROR(LEFT(O42,FIND("(",O42)-1),O42))) | AU42: =IF(Q42="","",TRIM(IFERROR(LEFT(Q42,FIND("(",Q42)-1),Q42)))
A43: 29 | T43: =IF(B43<>"",TRIM(IFERROR(LEFT(B43,FIND("(",B43)-1),B43)),T42) -> Mobius | U43: =IF(D43<>"",TRIM(IFERROR(LEFT(D43,FIND("(",D43)-1),D43)),U42) -> Packing | V43: =IF(F43<>"",TRIM(IFERROR(LEFT(F43,FIND("(",F43)-1),F43)),V42) | W43: =IF(H43<>"",TRIM(IFERROR(LEFT(H43,FIND("(",H43)-1),H43)),W42) -> Cuartos | X43: =IF(J43<>"",TRIM(IFERROR(LEFT(J43,FIND("(",J43)-1),J43)),X42) -> Chofer | Y43: =IF(L43<>"",TRIM(IFERROR(LEFT(L43,FIND("(",L43)-1),L43)),Y42) -> Regar | Z43: =IF(N43<>"",TRIM(IFERROR(LEFT(N43,FIND("(",N43)-1),N43)),Z42) -> Fresh frozen | AA43: =IF(P43<>"",TRIM(IFERROR(LEFT(P43,FIND("(",P43)-1),P43)),AA42) | AD43: =IF(C43="","",IF(T43="","(sin responsabilidad)",T43)) | AE43: =IF(E43="","",IF(U43="","(sin responsabilidad)",U43)) | AF43: =IF(G43="","",IF(V43="","(sin responsabilidad)",V43)) | AG43: =IF(I43="","",IF(W43="","(sin responsabilidad)",W43)) | AH43: =IF(K43="","",IF(X43="","(sin responsabilidad)",X43)) | AI43: =IF(M43="","",IF(Y43="","(sin responsabilidad)",Y43)) | AJ43: =IF(O43="","",IF(Z43="","(sin responsabilidad)",Z43)) | AK43: =IF(Q43="","",IF(AA43="","(sin responsabilidad)",AA43)) | AN43: =IF(C43="","",TRIM(IFERROR(LEFT(C43,FIND("(",C43)-1),C43))) | AO43: =IF(E43="","",TRIM(IFERROR(LEFT(E43,FIND("(",E43)-1),E43))) | AP43: =IF(G43="","",TRIM(IFERROR(LEFT(G43,FIND("(",G43)-1),G43))) | AQ43: =IF(I43="","",TRIM(IFERROR(LEFT(I43,FIND("(",I43)-1),I43))) | AR43: =IF(K43="","",TRIM(IFERROR(LEFT(K43,FIND("(",K43)-1),K43))) | AS43: =IF(M43="","",TRIM(IFERROR(LEFT(M43,FIND("(",M43)-1),M43))) | AT43: =IF(O43="","",TRIM(IFERROR(LEFT(O43,FIND("(",O43)-1),O43))) | AU43: =IF(Q43="","",TRIM(IFERROR(LEFT(Q43,FIND("(",Q43)-1),Q43)))
A44: 30 | T44: =IF(B44<>"",TRIM(IFERROR(LEFT(B44,FIND("(",B44)-1),B44)),T43) -> Mobius | U44: =IF(D44<>"",TRIM(IFERROR(LEFT(D44,FIND("(",D44)-1),D44)),U43) -> Packing | V44: =IF(F44<>"",TRIM(IFERROR(LEFT(F44,FIND("(",F44)-1),F44)),V43) | W44: =IF(H44<>"",TRIM(IFERROR(LEFT(H44,FIND("(",H44)-1),H44)),W43) -> Cuartos | X44: =IF(J44<>"",TRIM(IFERROR(LEFT(J44,FIND("(",J44)-1),J44)),X43) -> Chofer | Y44: =IF(L44<>"",TRIM(IFERROR(LEFT(L44,FIND("(",L44)-1),L44)),Y43) -> Regar | Z44: =IF(N44<>"",TRIM(IFERROR(LEFT(N44,FIND("(",N44)-1),N44)),Z43) -> Fresh frozen | AA44: =IF(P44<>"",TRIM(IFERROR(LEFT(P44,FIND("(",P44)-1),P44)),AA43) | AD44: =IF(C44="","",IF(T44="","(sin responsabilidad)",T44)) | AE44: =IF(E44="","",IF(U44="","(sin responsabilidad)",U44)) | AF44: =IF(G44="","",IF(V44="","(sin responsabilidad)",V44)) | AG44: =IF(I44="","",IF(W44="","(sin responsabilidad)",W44)) | AH44: =IF(K44="","",IF(X44="","(sin responsabilidad)",X44)) | AI44: =IF(M44="","",IF(Y44="","(sin responsabilidad)",Y44)) | AJ44: =IF(O44="","",IF(Z44="","(sin responsabilidad)",Z44)) | AK44: =IF(Q44="","",IF(AA44="","(sin responsabilidad)",AA44)) | AN44: =IF(C44="","",TRIM(IFERROR(LEFT(C44,FIND("(",C44)-1),C44))) | AO44: =IF(E44="","",TRIM(IFERROR(LEFT(E44,FIND("(",E44)-1),E44))) | AP44: =IF(G44="","",TRIM(IFERROR(LEFT(G44,FIND("(",G44)-1),G44))) | AQ44: =IF(I44="","",TRIM(IFERROR(LEFT(I44,FIND("(",I44)-1),I44))) | AR44: =IF(K44="","",TRIM(IFERROR(LEFT(K44,FIND("(",K44)-1),K44))) | AS44: =IF(M44="","",TRIM(IFERROR(LEFT(M44,FIND("(",M44)-1),M44))) | AT44: =IF(O44="","",TRIM(IFERROR(LEFT(O44,FIND("(",O44)-1),O44))) | AU44: =IF(Q44="","",TRIM(IFERROR(LEFT(Q44,FIND("(",Q44)-1),Q44)))
A45: 31 | T45: =IF(B45<>"",TRIM(IFERROR(LEFT(B45,FIND("(",B45)-1),B45)),T44) -> Mobius | U45: =IF(D45<>"",TRIM(IFERROR(LEFT(D45,FIND("(",D45)-1),D45)),U44) -> Packing | V45: =IF(F45<>"",TRIM(IFERROR(LEFT(F45,FIND("(",F45)-1),F45)),V44) | W45: =IF(H45<>"",TRIM(IFERROR(LEFT(H45,FIND("(",H45)-1),H45)),W44) -> Cuartos | X45: =IF(J45<>"",TRIM(IFERROR(LEFT(J45,FIND("(",J45)-1),J45)),X44) -> Chofer | Y45: =IF(L45<>"",TRIM(IFERROR(LEFT(L45,FIND("(",L45)-1),L45)),Y44) -> Regar | Z45: =IF(N45<>"",TRIM(IFERROR(LEFT(N45,FIND("(",N45)-1),N45)),Z44) -> Fresh frozen | AA45: =IF(P45<>"",TRIM(IFERROR(LEFT(P45,FIND("(",P45)-1),P45)),AA44) | AD45: =IF(C45="","",IF(T45="","(sin responsabilidad)",T45)) | AE45: =IF(E45="","",IF(U45="","(sin responsabilidad)",U45)) | AF45: =IF(G45="","",IF(V45="","(sin responsabilidad)",V45)) | AG45: =IF(I45="","",IF(W45="","(sin responsabilidad)",W45)) | AH45: =IF(K45="","",IF(X45="","(sin responsabilidad)",X45)) | AI45: =IF(M45="","",IF(Y45="","(sin responsabilidad)",Y45)) | AJ45: =IF(O45="","",IF(Z45="","(sin responsabilidad)",Z45)) | AK45: =IF(Q45="","",IF(AA45="","(sin responsabilidad)",AA45)) | AN45: =IF(C45="","",TRIM(IFERROR(LEFT(C45,FIND("(",C45)-1),C45))) | AO45: =IF(E45="","",TRIM(IFERROR(LEFT(E45,FIND("(",E45)-1),E45))) | AP45: =IF(G45="","",TRIM(IFERROR(LEFT(G45,FIND("(",G45)-1),G45))) | AQ45: =IF(I45="","",TRIM(IFERROR(LEFT(I45,FIND("(",I45)-1),I45))) | AR45: =IF(K45="","",TRIM(IFERROR(LEFT(K45,FIND("(",K45)-1),K45))) | AS45: =IF(M45="","",TRIM(IFERROR(LEFT(M45,FIND("(",M45)-1),M45))) | AT45: =IF(O45="","",TRIM(IFERROR(LEFT(O45,FIND("(",O45)-1),O45))) | AU45: =IF(Q45="","",TRIM(IFERROR(LEFT(Q45,FIND("(",Q45)-1),Q45)))
A46: 32 | T46: =IF(B46<>"",TRIM(IFERROR(LEFT(B46,FIND("(",B46)-1),B46)),T45) -> Mobius | U46: =IF(D46<>"",TRIM(IFERROR(LEFT(D46,FIND("(",D46)-1),D46)),U45) -> Packing | V46: =IF(F46<>"",TRIM(IFERROR(LEFT(F46,FIND("(",F46)-1),F46)),V45) | W46: =IF(H46<>"",TRIM(IFERROR(LEFT(H46,FIND("(",H46)-1),H46)),W45) -> Cuartos | X46: =IF(J46<>"",TRIM(IFERROR(LEFT(J46,FIND("(",J46)-1),J46)),X45) -> Chofer | Y46: =IF(L46<>"",TRIM(IFERROR(LEFT(L46,FIND("(",L46)-1),L46)),Y45) -> Regar | Z46: =IF(N46<>"",TRIM(IFERROR(LEFT(N46,FIND("(",N46)-1),N46)),Z45) -> Fresh frozen | AA46: =IF(P46<>"",TRIM(IFERROR(LEFT(P46,FIND("(",P46)-1),P46)),AA45) | AD46: =IF(C46="","",IF(T46="","(sin responsabilidad)",T46)) | AE46: =IF(E46="","",IF(U46="","(sin responsabilidad)",U46)) | AF46: =IF(G46="","",IF(V46="","(sin responsabilidad)",V46)) | AG46: =IF(I46="","",IF(W46="","(sin responsabilidad)",W46)) | AH46: =IF(K46="","",IF(X46="","(sin responsabilidad)",X46)) | AI46: =IF(M46="","",IF(Y46="","(sin responsabilidad)",Y46)) | AJ46: =IF(O46="","",IF(Z46="","(sin responsabilidad)",Z46)) | AK46: =IF(Q46="","",IF(AA46="","(sin responsabilidad)",AA46)) | AN46: =IF(C46="","",TRIM(IFERROR(LEFT(C46,FIND("(",C46)-1),C46))) | AO46: =IF(E46="","",TRIM(IFERROR(LEFT(E46,FIND("(",E46)-1),E46))) | AP46: =IF(G46="","",TRIM(IFERROR(LEFT(G46,FIND("(",G46)-1),G46))) | AQ46: =IF(I46="","",TRIM(IFERROR(LEFT(I46,FIND("(",I46)-1),I46))) | AR46: =IF(K46="","",TRIM(IFERROR(LEFT(K46,FIND("(",K46)-1),K46))) | AS46: =IF(M46="","",TRIM(IFERROR(LEFT(M46,FIND("(",M46)-1),M46))) | AT46: =IF(O46="","",TRIM(IFERROR(LEFT(O46,FIND("(",O46)-1),O46))) | AU46: =IF(Q46="","",TRIM(IFERROR(LEFT(Q46,FIND("(",Q46)-1),Q46)))
A47: 33 | T47: =IF(B47<>"",TRIM(IFERROR(LEFT(B47,FIND("(",B47)-1),B47)),T46) -> Mobius | U47: =IF(D47<>"",TRIM(IFERROR(LEFT(D47,FIND("(",D47)-1),D47)),U46) -> Packing | V47: =IF(F47<>"",TRIM(IFERROR(LEFT(F47,FIND("(",F47)-1),F47)),V46) | W47: =IF(H47<>"",TRIM(IFERROR(LEFT(H47,FIND("(",H47)-1),H47)),W46) -> Cuartos | X47: =IF(J47<>"",TRIM(IFERROR(LEFT(J47,FIND("(",J47)-1),J47)),X46) -> Chofer | Y47: =IF(L47<>"",TRIM(IFERROR(LEFT(L47,FIND("(",L47)-1),L47)),Y46) -> Regar | Z47: =IF(N47<>"",TRIM(IFERROR(LEFT(N47,FIND("(",N47)-1),N47)),Z46) -> Fresh frozen | AA47: =IF(P47<>"",TRIM(IFERROR(LEFT(P47,FIND("(",P47)-1),P47)),AA46) | AD47: =IF(C47="","",IF(T47="","(sin responsabilidad)",T47)) | AE47: =IF(E47="","",IF(U47="","(sin responsabilidad)",U47)) | AF47: =IF(G47="","",IF(V47="","(sin responsabilidad)",V47)) | AG47: =IF(I47="","",IF(W47="","(sin responsabilidad)",W47)) | AH47: =IF(K47="","",IF(X47="","(sin responsabilidad)",X47)) | AI47: =IF(M47="","",IF(Y47="","(sin responsabilidad)",Y47)) | AJ47: =IF(O47="","",IF(Z47="","(sin responsabilidad)",Z47)) | AK47: =IF(Q47="","",IF(AA47="","(sin responsabilidad)",AA47)) | AN47: =IF(C47="","",TRIM(IFERROR(LEFT(C47,FIND("(",C47)-1),C47))) | AO47: =IF(E47="","",TRIM(IFERROR(LEFT(E47,FIND("(",E47)-1),E47))) | AP47: =IF(G47="","",TRIM(IFERROR(LEFT(G47,FIND("(",G47)-1),G47))) | AQ47: =IF(I47="","",TRIM(IFERROR(LEFT(I47,FIND("(",I47)-1),I47))) | AR47: =IF(K47="","",TRIM(IFERROR(LEFT(K47,FIND("(",K47)-1),K47))) | AS47: =IF(M47="","",TRIM(IFERROR(LEFT(M47,FIND("(",M47)-1),M47))) | AT47: =IF(O47="","",TRIM(IFERROR(LEFT(O47,FIND("(",O47)-1),O47))) | AU47: =IF(Q47="","",TRIM(IFERROR(LEFT(Q47,FIND("(",Q47)-1),Q47)))
... A64: 50 | T64: =IF(B64<>"",TRIM(IFERROR(LEFT(B64,FIND("(",B64)-1),B64)),T63) -> Mobius | U64: =IF(D64<>"",TRIM(IFERROR(LEFT(D64,FIND("(",D64)-1),D64)),U63) -> Packing | V64: =IF(F64<>"",TRIM(IFERROR(LEFT(F64,FIND("(",F64)-1),F64)),V63) | W64: =IF(H64<>"",TRIM(IFERROR(LEFT(H64,FIND("(",H64)-1),H64)),W63) -> Cuartos | X64: =IF(J64<>"",TRIM(IFERROR(LEFT(J64,FIND("(",J64)-1),J64)),X63) -> Chofer | Y64: =IF(L64<>"",TRIM(IFERROR(LEFT(L64,FIND("(",L64)-1),L64)),Y63) -> Regar | Z64: =IF(N64<>"",TRIM(IFERROR(LEFT(N64,FIND("(",N64)-1),N64)),Z63) -> Fresh frozen | AA64: =IF(P64<>"",TRIM(IFERROR(LEFT(P64,FIND("(",P64)-1),P64)),AA63) | AD64: =IF(C64="","",IF(T64="","(sin responsabilidad)",T64)) | AE64: =IF(E64="","",IF(U64="","(sin responsabilidad)",U64)) | AF64: =IF(G64="","",IF(V64="","(sin responsabilidad)",V64)) | AG64: =IF(I64="","",IF(W64="","(sin responsabilidad)",W64)) | AH64: =IF(K64="","",IF(X64="","(sin responsabilidad)",X64)) | AI64: =IF(M64="","",IF(Y64="","(sin responsabilidad)",Y64)) | AJ64: =IF(O64="","",IF(Z64="","(sin responsabilidad)",Z64)) | AK64: =IF(Q64="","",IF(AA64="","(sin responsabilidad)",AA64)) | AN64: =IF(C64="","",TRIM(IFERROR(LEFT(C64,FIND("(",C64)-1),C64))) | AO64: =IF(E64="","",TRIM(IFERROR(LEFT(E64,FIND("(",E64)-1),E64))) | AP64: =IF(G64="","",TRIM(IFERROR(LEFT(G64,FIND("(",G64)-1),G64))) | AQ64: =IF(I64="","",TRIM(IFERROR(LEFT(I64,FIND("(",I64)-1),I64))) | AR64: =IF(K64="","",TRIM(IFERROR(LEFT(K64,FIND("(",K64)-1),K64))) | AS64: =IF(M64="","",TRIM(IFERROR(LEFT(M64,FIND("(",M64)-1),M64))) | AT64: =IF(O64="","",TRIM(IFERROR(LEFT(O64,FIND("(",O64)-1),O64))) | AU64: =IF(Q64="","",TRIM(IFERROR(LEFT(Q64,FIND("(",Q64)-1),Q64)))

Sheet Resumen
A1: RESUMEN / SUMMARY | H1: Fecha: | I1: =IF('Plan del Día'!C1="","",'Plan del Día'!C1)
A2: Se llena solo desde 'Plan del Día'. No escribir aquí. / Auto-filled.
A4: Proyecto | B4: Sitio | C4: Inicio | D4: Fin | E4: Líder | F4: Nombrados | G4: Contratistas | H4: Contratistas # | I4: TOTAL | J4: Notas
A5: =IF('Plan del Día'!B3="","",'Plan del Día'!B3) | B5: =IF('Plan del Día'!B4="","",'Plan del Día'!B4) | C5: =IF('Plan del Día'!B5="","",'Plan del Día'!B5) | D5: =IF('Plan del Día'!C5="","",'Plan del Día'!C5) | E5: =IF('Plan del Día'!B6="","",'Plan del Día'!B6) | F5: =IF('Plan del Día'!B13=0,"",'Plan del Día'!B12) | G5: =TRIM(IF('Plan del Día'!B7="","",'Plan del Día'!B7&" ×"&'Plan del Día'!C7)&IF('Plan del Día'!B9="",""," · "&'Plan del Día'!B9&" ×"&'Plan del Día'!C9&" "&'Plan del Día'!B10)) | H5: =IF(N('Plan del Día'!C7)+N('Plan del Día'!C9)=0,"",N('Plan del Día'!C7)+N('Plan del Día'!C9)) | I5: =IF('Plan del Día'!B13=0,"",'Plan del Día'!B13) | J5: =IF('Plan del Día'!B11="","",'Plan del Día'!B11)
A6: =IF('Plan del Día'!D3="","",'Plan del Día'!D3) | B6: =IF('Plan del Día'!D4="","",'Plan del Día'!D4) | C6: =IF('Plan del Día'!D5="","",'Plan del Día'!D5) | D6: =IF('Plan del Día'!E5="","",'Plan del Día'!E5) | E6: =IF('Plan del Día'!D6="","",'Plan del Día'!D6) | F6: =IF('Plan del Día'!D13=0,"",'Plan del Día'!D12) | G6: =TRIM(IF('Plan del Día'!D7="","",'Plan del Día'!D7&" ×"&'Plan del Día'!E7)&IF('Plan del Día'!D9="",""," · "&'Plan del Día'!D9&" ×"&'Plan del Día'!E9&" "&'Plan del Día'!D10)) | H6: =IF(N('Plan del Día'!E7)+N('Plan del Día'!E9)=0,"",N('Plan del Día'!E7)+N('Plan del Día'!E9)) | I6: =IF('Plan del Día'!D13=0,"",'Plan del Día'!D13) | J6: =IF('Plan del Día'!D11="","",'Plan del Día'!D11)
A7: =IF('Plan del Día'!F3="","",'Plan del Día'!F3) | B7: =IF('Plan del Día'!F4="","",'Plan del Día'!F4) | C7: =IF('Plan del Día'!F5="","",'Plan del Día'!F5) | D7: =IF('Plan del Día'!G5="","",'Plan del Día'!G5) | E7: =IF('Plan del Día'!F6="","",'Plan del Día'!F6) | F7: =IF('Plan del Día'!F13=0,"",'Plan del Día'!F12) | G7: =TRIM(IF('Plan del Día'!F7="","",'Plan del Día'!F7&" ×"&'Plan del Día'!G7)&IF('Plan del Día'!F9="",""," · "&'Plan del Día'!F9&" ×"&'Plan del Día'!G9&" "&'Plan del Día'!F10)) | H7: =IF(N('Plan del Día'!G7)+N('Plan del Día'!G9)=0,"",N('Plan del Día'!G7)+N('Plan del Día'!G9)) | I7: =IF('Plan del Día'!F13=0,"",'Plan del Día'!F13) | J7: =IF('Plan del Día'!F11="","",'Plan del Día'!F11)
A8: =IF('Plan del Día'!H3="","",'Plan del Día'!H3) | B8: =IF('Plan del Día'!H4="","",'Plan del Día'!H4) | C8: =IF('Plan del Día'!H5="","",'Plan del Día'!H5) | D8: =IF('Plan del Día'!I5="","",'Plan del Día'!I5) | E8: =IF('Plan del Día'!H6="","",'Plan del Día'!H6) | F8: =IF('Plan del Día'!H13=0,"",'Plan del Día'!H12) | G8: =TRIM(IF('Plan del Día'!H7="","",'Plan del Día'!H7&" ×"&'Plan del Día'!I7)&IF('Plan del Día'!H9="",""," · "&'Plan del Día'!H9&" ×"&'Plan del Día'!I9&" "&'Plan del Día'!H10)) | H8: =IF(N('Plan del Día'!I7)+N('Plan del Día'!I9)=0,"",N('Plan del Día'!I7)+N('Plan del Día'!I9)) | I8: =IF('Plan del Día'!H13=0,"",'Plan del Día'!H13) | J8: =IF('Plan del Día'!H11="","",'Plan del Día'!H11)
A9: =IF('Plan del Día'!J3="","",'Plan del Día'!J3) | B9: =IF('Plan del Día'!J4="","",'Plan del Día'!J4) | C9: =IF('Plan del Día'!J5="","",'Plan del Día'!J5) | D9: =IF('Plan del Día'!K5="","",'Plan del Día'!K5) | E9: =IF('Plan del Día'!J6="","",'Plan del Día'!J6) | F9: =IF('Plan del Día'!J13=0,"",'Plan del Día'!J12) | G9: =TRIM(IF('Plan del Día'!J7="","",'Plan del Día'!J7&" ×"&'Plan del Día'!K7)&IF('Plan del Día'!J9="",""," · "&'Plan del Día'!J9&" ×"&'Plan del Día'!K9&" "&'Plan del Día'!J10)) | H9: =IF(N('Plan del Día'!K7)+N('Plan del Día'!K9)=0,"",N('Plan del Día'!K7)+N('Plan del Día'!K9)) | I9: =IF('Plan del Día'!J13=0,"",'Plan del Día'!J13) | J9: =IF('Plan del Día'!J11="","",'Plan del Día'!J11)
A10: =IF('Plan del Día'!L3="","",'Plan del Día'!L3) | B10: =IF('Plan del Día'!L4="","",'Plan del Día'!L4) | C10: =IF('Plan del Día'!L5="","",'Plan del Día'!L5) | D10: =IF('Plan del Día'!M5="","",'Plan del Día'!M5) | E10: =IF('Plan del Día'!L6="","",'Plan del Día'!L6) | F10: =IF('Plan del Día'!L13=0,"",'Plan del Día'!L12) | G10: =TRIM(IF('Plan del Día'!L7="","",'Plan del Día'!L7&" ×"&'Plan del Día'!M7)&IF('Plan del Día'!L9="",""," · "&'Plan del Día'!L9&" ×"&'Plan del Día'!M9&" "&'Plan del Día'!L10)) | H10: =IF(N('Plan del Día'!M7)+N('Plan del Día'!M9)=0,"",N('Plan del Día'!M7)+N('Plan del Día'!M9)) | I10: =IF('Plan del Día'!L13=0,"",'Plan del Día'!L13) | J10: =IF('Plan del Día'!L11="","",'Plan del Día'!L11)
A11: =IF('Plan del Día'!N3="","",'Plan del Día'!N3) | B11: =IF('Plan del Día'!N4="","",'Plan del Día'!N4) | C11: =IF('Plan del Día'!N5="","",'Plan del Día'!N5) | D11: =IF('Plan del Día'!O5="","",'Plan del Día'!O5) | E11: =IF('Plan del Día'!N6="","",'Plan del Día'!N6) | F11: =IF('Plan del Día'!N13=0,"",'Plan del Día'!N12) | G11: =TRIM(IF('Plan del Día'!N7="","",'Plan del Día'!N7&" ×"&'Plan del Día'!O7)&IF('Plan del Día'!N9="",""," · "&'Plan del Día'!N9&" ×"&'Plan del Día'!O9&" "&'Plan del Día'!N10)) | H11: =IF(N('Plan del Día'!O7)+N('Plan del Día'!O9)=0,"",N('Plan del Día'!O7)+N('Plan del Día'!O9)) | I11: =IF('Plan del Día'!N13=0,"",'Plan del Día'!N13) | J11: =IF('Plan del Día'!N11="","",'Plan del Día'!N11)
A12: =IF('Plan del Día'!P3="","",'Plan del Día'!P3) | B12: =IF('Plan del Día'!P4="","",'Plan del Día'!P4) | C12: =IF('Plan del Día'!P5="","",'Plan del Día'!P5) | D12: =IF('Plan del Día'!Q5="","",'Plan del Día'!Q5) | E12: =IF('Plan del Día'!P6="","",'Plan del Día'!P6) | F12: =IF('Plan del Día'!P13=0,"",'Plan del Día'!P12) | G12: =TRIM(IF('Plan del Día'!P7="","",'Plan del Día'!P7&" ×"&'Plan del Día'!Q7)&IF('Plan del Día'!P9="",""," · "&'Plan del Día'!P9&" ×"&'Plan del Día'!Q9&" "&'Plan del Día'!P10)) | H12: =IF(N('Plan del Día'!Q7)+N('Plan del Día'!Q9)=0,"",N('Plan del Día'!Q7)+N('Plan del Día'!Q9)) | I12: =IF('Plan del Día'!P13=0,"",'Plan del Día'!P13) | J12: =IF('Plan del Día'!P11="","",'Plan del Día'!P11)
A13: TOTAL | F13: =SUM(F5:F12) -> 0 | H13: =SUM(H5:H12) -> 0 | I13: =SUM(I5:I12) -> 0
A16: PERSONAS POR RESPONSABILIDAD / PEOPLE BY RESPONSIBILITY
A17: Responsabilidad | B17: Personas
A18: =IF(Listas!A2="","",Listas!A2) -> Cortar | B18: =IF(A18="","",COUNTIF('Plan del Día'!$AD$15:$AK$64,A18)) -> 0
A19: =IF(Listas!A3="","",Listas!A3) -> Fresh frozen | B19: =IF(A19="","",COUNTIF('Plan del Día'!$AD$15:$AK$64,A19)) -> 0
A20: =IF(Listas!A4="","",Listas!A4) -> Colgar | B20: =IF(A20="","",COUNTIF('Plan del Día'!$AD$15:$AK$64,A20)) -> 0
A21: =IF(Listas!A5="","",Listas!A5) -> Pesar cajas | B21: =IF(A21="","",COUNTIF('Plan del Día'!$AD$15:$AK$64,A21)) -> 0
A22: =IF(Listas!A6="","",Listas!A6) -> Metrc | B22: =IF(A22="","",COUNTIF('Plan del Día'!$AD$15:$AK$64,A22)) -> 0
A23: =IF(Listas!A7="","",Listas!A7) -> Cuartos | B23: =IF(A23="","",COUNTIF('Plan del Día'!$AD$15:$AK$64,A23)) -> 0
A24: =IF(Listas!A8="","",Listas!A8) -> Descolgar | B24: =IF(A24="","",COUNTIF('Plan del Día'!$AD$15:$AK$64,A24)) -> 0
A25: =IF(Listas!A9="","",Listas!A9) -> Destronche | B25: =IF(A25="","",COUNTIF('Plan del Día'!$AD$15:$AK$64,A25)) -> 0
A26: =IF(Listas!A10="","",Listas!A10) -> Desoje | B26: =IF(A26="","",COUNTIF('Plan del Día'!$AD$15:$AK$64,A26)) -> 0
A27: =IF(Listas!A11="","",Listas!A11) -> Pesar | B27: =IF(A27="","",COUNTIF('Plan del Día'!$AD$15:$AK$64,A27)) -> 0
A28: =IF(Listas!A12="","",Listas!A12) -> Comodín proceso | B28: =IF(A28="","",COUNTIF('Plan del Día'!$AD$15:$AK$64,A28)) -> 0
A29: =IF(Listas!A13="","",Listas!A13) -> Mobius | B29: =IF(A29="","",COUNTIF('Plan del Día'!$AD$15:$AK$64,A29)) -> 0
... A57: =IF(Listas!A41="","",Listas!A41) | B57: =IF(A57="","",COUNTIF('Plan del Día'!$AD$15:$AK$64,A57))
A58: (sin responsabilidad) | B58: =COUNTIF('Plan del Día'!$AD$15:$AK$64,"(sin responsabilidad)") -> 0
A59: Otra (no está en Listas) | B59: =COUNTIF('Plan del Día'!$AD$15:$AK$64,"?*")-SUM(B18:B58) -> 0
A60: Sin contar líderes ni contratistas. "(sin responsabilidad)" = nombre sin responsabilidad arriba: corregir.

Sheet Cómo usar
A1: CÓMO USAR / HOW TO USE
A3: Idea | B3: Cada bloque de 2 columnas es un PROYECTO del día (como en la Master Schedule). Abajo, cada persona en su fila con su RESPONSABILIDAD al lado. / Each 2-column block is one project; each person on a row with their responsibility next to them.
A4: Cada día / Each day | B4: 1) Duplica 'Plan del Día' para guardarlo (clic derecho > Duplicar) y ponle la fecha. 2) Borra las celdas crema y llena el nuevo día. 3) En la app: Plan Maestro → Proyectos → ⇪ Importar plan del día, y sube el archivo (o pega las celdas). / Duplicate to archive, clear, fill, then Master Schedule → Projects → Import day plan.
A5: Proyecto (naranja) | B5: Nombre corto del trabajo: Bucking, Prerolls, Trimming, Harvest Intake, Harvest, Watering, Fresh Frozen, Dry Take Down… La fecha se agrega sola. Mismo sitio con dos trabajos distintos = dos bloques. / Short job name; date added automatically.
A6: Sitio | B6: Menú: Adobe, Airway, Wildcat, Comstock, Lucerne, Sulphur Bank, Highland, Otro (si es Otro, escribe el lugar en Notas).
A7: Horario | B7: Inicio a la izquierda, fin a la derecha. Texto libre: 7am, 3:30pm, 16:00. Si no sabes el fin, déjalo en blanco (se usan 8 horas).
A8: Líder (verde) | B8: Una persona. Cuenta en el total: no la repitas abajo.
A9: Contratistas | B9: Nombre del contratista (Juan) y CUÁNTOS (solo número). La fila de abajo es su horario solo si es distinto al del proyecto. Contratista 2 = otro turno (ej. colgar a las 5:30pm). No los pongas en la lista de personas.
A10: PERSONAS | B10: Una persona por fila (hasta 50). Columna izquierda = RESPONSABILIDAD (se pinta roja), derecha = NOMBRE. Escribe la responsabilidad solo en la primera persona del grupo: en blanco = la misma de arriba. Usa el menú para que el nombre quede igual que en Connecteam.
A11: Responsabilidad primero | B11: IMPORTANTE: la responsabilidad va en la MISMA fila que la primera persona del grupo, nunca en una fila sola encima o debajo. / The responsibility goes on the same row as the first person of its group.
A12: Notas entre paréntesis | B12: Lo que va entre ( ) es una nota: 'Jorge Rojas (sale 5am)', 'Colgar (5:30pm-2am)'. Una hora en la responsabilidad = esa responsabilidad tiene otro horario. No cuenta al comparar nombres.
A13: Nombres repetidos (amarillo) | B13: Si alguien aparece dos veces en el día (líder incluido) se pinta amarillo. Si de verdad trabaja en dos proyectos, pon la hora en paréntesis en los dos.
A14: Menús | B14: Si escribes algo que no está en el menú sale un aviso; puedes seguir. Nombres nuevos: agrégalos en 'Personal'. Responsabilidades nuevas: agrégalas en 'Listas'.
... A17: Columnas ocultas | B17: Las columnas después de Q son cálculos. No borrar.
A19: Colores / Colors
A20: Escribir aquí / Type here
A21: Proyecto / Project
A22: Líder / Lead
A23: Responsabilidad
A24: Nombre repetido / Repeated

Sheet Listas
A1: Responsabilidad | B1: English | C1: Proceso (app) | E1: Sitio / Site | G1: Agrega responsabilidades nuevas abajo en la columna A (crema). Proceso (app) = el proceso de la Labor Log; Claude lo usa al crear los proyectos.
A2: Cortar | B2: Harvest / cut | C2: harvest | E2: Adobe
A3: Fresh frozen | B3: Fresh frozen harvest | C3: fresh_frozen | E3: Airway
A4: Colgar | B4: Hang (wet intake) | C4: intake_wet | E4: Wildcat
A5: Pesar cajas | B5: Weigh boxes (wet intake) | C5: intake_wet | E5: Comstock
A6: Metrc | B6: Metrc / tags | C6: (project's process) | E6: Lucerne
A7: Cuartos | B7: Rooms | C7: other | E7: Sulphur Bank
A8: Descolgar | B8: Take down (dry) | C8: dry_check | E8: Highland
A9: Destronche | B9: Bucking / de-stem | C9: buck | E9: Otro
A10: Desoje | B10: Leaf strip | C10: buck
A11: Pesar | B11: Weigh (bucking) | C11: buck
A12: Comodín proceso | B12: Floater - process | C12: buck
A13: Mobius | B13: Mobius machine | C13: machine_trim
A14: Trim | B14: Hand trim | C14: hand_trim
A15: Smalls | B15: Smalls trim | C15: smalls_trim
A16: Prerolls | B16: Pre-rolls | C16: preroll_production
A17: Packing | B17: Packing | C17: (project's process)
A18: Chofer | B18: Driver | C18: transport
A19: Regar | B19: Watering | C19: other
A20: Bomba | B20: Pump | C20: other
A21: Otro | B21: Other - explain in Notas | C21: other

Sheet Personal
A1: Nombre (Connecteam) | C1: Lista de Connecteam al 2026-10-19 (239 nombres). Agrega nombres nuevos al final.
A2: Abimael Aguilar Ruiz
A3: Abraham Garcia
A4: Adin Aguilar
A5: Adolfo Valentin Navarrete
A6: Adrian Garcia
A7: Alex Palacios
A8: Alfredo Cruz Cruz
A9: Alfredo Lopez Lopez
A10: Alicia Morales
A11: Alma Garcia
A12: Alonzo Ballardo
A13: Alvaro Cruz Lopez
... A240: Yuliana Rivas Garcia
